vorname,anzahl,geschlecht
Marie,338,w
Sophie,295,w
Maria,193,w
Maximilian,182,m
Paul,152,m
Alexander,148,m
Elias,126,m
Emilia,123,w
Mia,123,w
Johanna,120,w
Ben,115,m
Felix,112,m
Anna,107,w
Noah,104,m
Charlotte,104,w
Sophia,103,w
Jonas,102,m
Leon,102,m
Anton,98,m
Emma,92,w
Jakob,91,m
Mila,89,w
Julian,83,m
David,82,m
Emil,77,m
Luca,77,m
Katharina,72,w
Luisa,70,w
Greta,68,w
Moritz,68,m
Max,66,m
Leo,65,m
Clara,64,w
Lina,63,w
Marlene,63,w
Jonathan,62,m
Elif,61,w
Samuel,60,m
Ida,59,w
Lena,59,w
Benjamin,58,m
Tom,58,m
Jan,57,m
Julius,57,m
Mats,57,m
Philipp,57,m
Sofia,56,w
Louis,56,m
Lara,55,w
Johannes,55,m
Amelie,54,w
Elisa,54,w
Hanna,54,w
Hannah,54,w
Henri,54,m
Lea,53,w
Finn,53,m
Leonie,52,w
Johann,52,m
Tim,52,m
Elisabeth,51,w
Ella,51,w
Luise,51,w
Mina,51,w
Theo,51,m
Julia,50,w
Liam,50,m
Luis,50,m
Lukas,50,m
Niklas,49,m
Karl,48,m
Oskar,48,m
Mira,47,w
Paula,47,w
Gabriel,47,m
Helena,46,w
Henry,46,m
Emily,45,w
Laura,45,w
Vincent,45,m
Lotta,44,w
Ali,44,m
Leonard,44,m
Peter,44,m
Lisa,43,w
Valentin,42,m
Josefine,41,w
Daniel,41,m
Leni,40,w
Muhammed,40,m
Simon,40,m
Matilda,39,w
Milan,39,m
Klara,38,w
Maja,38,w
Victoria,38,w
Mathilda,37,w
Carla,36,w
Nele,36,w
Pauline,36,w
Can,36,m
Frida,35,w
Levi,35,m
Jana,35,w
Ole,35,m
Sara,35,w
Christian,34,m
Antonia,34,w
Josephine,33,w
Carl,32,m
Konstantin,32,m
Louisa,32,w
Justus,31,m
Isabella,31,w
Florian,30,m
Nur,30,w
Jonah,30,m
Pia,30,w
Josef,30,m
Valentina,30,w
Noel,30,m
Theodor,30,m
Frieda,29,w
Emilio,29,m
Joel,29,m
Martin,29,m
Michael,29,m
Mika,29,m
Elena,28,w
Melina,28,w
Ferdinand,28,m
Linus,28,m
Franziska,27,w
Lia,27,w
Martha,27,w
Erik,27,m
Robin,27,m
Thomas,27,m
Yusuf,27,m
Ela,26,w
Isabel,26,w
Nora,26,w
Zeynep,26,w
Joshua,26,m
Lotte,25,w
Sarah,25,w
Zoe,25,w
Adam,25,m
Frederik,25,m
Fritz,25,m
Ilyas,25,m
Matthias,25,m
Alina,24,w
Lilly,24,w
Maya,24,w
Bruno,24,m
Emir,24,m
Friedrich,24,m
Hannes,24,m
Nick,24,m
Raphael,24,m
Carlotta,23,w
Nina,23,w
Constantin,23,m
Fabian,23,m
Kaan,23,m
Matteo,23,m
Mattis,23,m
Miray,22,w
Romy,22,w
Stella,22,w
Tilda,22,w
Viktoria,22,w
Benedikt,22,m
Jasper,22,m
Miran,22,m
Sebastian,22,m
Timo,22,m
Tobias,22,m
Amalia,21,w
Amelia,21,w
Eva,21,w
Julie,21,w
Liya,21,w
Mara,21,w
Yasmin,21,w
Lucas,21,m
Toni,21,m
Helene,20,w
Isabelle,20,w
Lucia,20,w
Meryem,20,w
Olivia,20,w
Heinrich,20,m
Jona,20,m
Luke,20,m
Malik,20,m
Marlon,20,m
Maxim,20,m
Milo,20,m
Mustafa,20,m
Oscar,20,m
Angelina,19,w
Anni,19,w
Deniz,19,m
Eric,19,m
Ibrahim,19,m
Jannis,19,m
Leander,19,m
Nico,19,m
Wilhelm,19,m
Elise,18,w
Linda,18,w
Luna,18,w
Alessio,18,m
Damian,18,m
Johan,18,m
Nicolas,18,m
Alexandra,17,w
Alma,17,w
Aurelia,17,w
Jule,17,w
Louise,17,w
Rosa,17,w
Sofie,17,w
Su,17,w
Carlo,17,m
Lasse,17,m
Leonardo,17,m
Mert,17,m
Richard,17,m
Sami,17,m
Severin,17,m
Amira,16,w
Ava,16,w
Fiona,16,w
Magdalena,16,w
Marleen,16,w
Merle,16,w
Paulina,16,w
Aaron,16,m
Adrian,16,m
Cornelius,16,m
Eren,16,m
Franz,16,m
Georg,16,m
Hamza,16,m
James,16,m
Kian,16,m
Lennard,16,m
Malte,16,m
Michel,16,m
Rafael,16,m
Ömer,16,m
Amina,15,w
Annika,15,w
Christine,15,w
Lou,15,w
Luana,15,w
Marina,15,w
Nisa,15,w
Bennet,15,m
Dominik,15,m
Fynn,15,m
Kerem,15,m
Lennart,15,m
Levin,15,m
Ludwig,15,m
Mohamed,15,m
Selim,15,m
Till,15,m
Yasin,15,m
Anastasia,14,w
Aurora,14,w
Fabienne,14,w
Melissa,14,w
Mona,14,w
Arda,14,m
Caspar,14,m
Elyas,14,m
Enes,14,m
Hans,14,m
Janosch,14,m
Matti,14,m
Nils,14,m
Alessia,13,w
Amélie,13,w
Asya,13,w
Ayla,13,w
Chiara,13,w
Henriette,13,w
Karla,13,w
Livia,13,w
Lucy,13,w
Melek,13,w
Milena,13,w
Ahmet,13,m
Andreas,13,m
Arian,13,m
Efe,13,m
Hugo,13,m
Jacob,13,m
Kilian,13,m
Konrad,13,m
Luka,13,m
Taha,13,m
Yannick,13,m
Hira,12,w
Isabell,12,w
Leyla,12,w
Liv,12,w
Madita,12,w
Rose,12,w
Zehra,12,w
Zoey,12,w
Zoé,12,w
Alex,12,m
Antonio,12,m
Bela,12,m
Bilal,12,m
Christoph,12,m
Clemens,12,m
Hendrik,12,m
Ilias,12,m
Lennox,12,m
Lio,12,m
Maria,12,m
Musa,12,m
Robert,12,m
Semih,12,m
Christina,11,w
Diana,11,w
Dilara,11,w
Edda,11,w
Emilie,11,w
Esma,11,w
Jasmin,11,w
Jolie,11,w
Lilli,11,w
Vanessa,11,w
Benno,11,m
Emin,11,m
Henrik,11,m
Jason,11,m
Laurenz,11,m
Leandro,11,m
Marcel,11,m
Maurice,11,m
Oliver,11,m
Pepe,11,m
Thore,11,m
Yiğit,11,m
Alisa,10,w
Alissa,10,w
Alva,10,w
Annabelle,10,w
Carolina,10,w
Ceylin,10,w
Elin,10,w
Elsa,10,w
Felicitas,10,w
Freya,10,w
Juna,10,w
Lene,10,w
Lucie,10,w
Lynn,10,w
Margarete,10,w
Marta,10,w
Sena,10,w
Theresa,10,w
Abdullah,10,m
Ahmed,10,m
Albert,10,m
Amir,10,m
Bo,10,m
Colin,10,m
Emanuel,10,m
Emilian,10,m
Gustav,10,m
Jannik,10,m
Jürgen,10,m
Kuzey,10,m
Leopold,10,m
Mahir,10,m
Mateo,10,m
Mio,10,m
Otto,10,m
Sam,10,m
Wolfgang,10,m
Alice,9,w
Ana,9,w
Azra,9,w
Dana,9,w
Elina,9,w
Emelie,9,w
Fatima,9,w
Giulia,9,w
Joleen,9,w
Kristin,9,w
Liana,9,w
Linn,9,w
Medina,9,w
Melis,9,w
Milla,9,w
Miriam,9,w
Samira,9,w
Thea,9,w
Theresia,9,w
Arthur,9,m
Dean,9,m
Dennis,9,m
Elia,9,m
Hüseyin,9,m
Janne,9,m
John,9,m
Julien,9,m
Klaus,9,m
Luan,9,m
Mario,9,m
Miguel,9,m
Mikail,9,m
Mohammed,9,m
Neo,9,m
Phil,9,m
Philip,9,m
Rayan,9,m
Victor,9,m
Yannik,9,m
Cansu,8,w
Caroline,8,w
Claudia,8,w
Emely,8,w
Emmi,8,w
Eslem,8,w
Florentine,8,w
Hazal,8,w
Jolina,8,w
Jonna,8,w
Laila,8,w
Letizia,8,w
Lorena,8,w
Maila,8,w
Malou,8,w
Melisa,8,w
Meyra,8,w
Ronja,8,w
Amin,8,m
August,8,m
Bastian,8,m
Berat,8,m
Diego,8,m
Fabio,8,m
Fernando,8,m
Giuseppe,8,m
Jamie,8,m
Jayden,8,m
Kaspar,8,m
Klaas,8,m
Lionel,8,m
Magnus,8,m
Marco,8,m
Mattes,8,m
Mike,8,m
Miraç,8,m
Patrick,8,m
Piet,8,m
Rudolf,8,m
Samir,8,m
Talha,8,m
Titus,8,m
Willi,8,m
Youssef,8,m
Alicia,7,w
Amilia,7,w
Angela,7,w
Annabell,7,w
Aylin,7,w
Cecilia,7,w
Fatma,7,w
Hatice,7,w
Helin,7,w
Ina,7,w
Leah,7,w
Leandra,7,w
Malina,7,w
Marit,7,w
Marla,7,w
Melinda,7,w
Melody,7,w
Michelle,7,w
Nicole,7,w
Noemi,7,w
Rosalie,7,w
Salma,7,w
Therese,7,w
Tuana,7,w
Vera,7,w
Viola,7,w
Adem,7,m
André,7,m
Angelo,7,m
Aras,7,m
Armin,7,m
Conrad,7,m
Dion,7,m
Ediz,7,m
Eduard,7,m
Emre,7,m
Enno,7,m
Ensar,7,m
Eymen,7,m
Gerd,7,m
Henning,7,m
Hermann,7,m
Joachim,7,m
Joseph,7,m
Kadir,7,m
Kevin,7,m
Lenny,7,m
Manuel,7,m
Markus,7,m
Marvin,7,m
Mehmet,7,m
Muhammad,7,m
Nathan,7,m
Nikolaus,7,m
Said,7,m
Salvatore,7,m
Silas,7,m
Sven,7,m
Timur,7,m
Tyler,7,m
William,7,m
Yassin,7,m
Alisha,6,w
Alya,6,w
Amy,6,w
Annie,6,w
Arin,6,w
Barbara,6,w
Catalina,6,w
Celine,6,w
Cleo,6,w
Daria,6,w
Deniz,6,w
Eda,6,w
Eleni,6,w
Eliza,6,w
Elli,6,w
Emine,6,w
Emmy,6,w
Erika,6,w
Erva,6,w
Esila,6,w
Estelle,6,w
Evelyn,6,w
Finja,6,w
Flora,6,w
Helen,6,w
Jessica,6,w
Juliana,6,w
Lilith,6,w
Lilou,6,w
Lola,6,w
Malia,6,w
Margareta,6,w
Mariella,6,w
Marlena,6,w
Mayla,6,w
Monika,6,w
Nayla,6,w
Naz,6,w
Nela,6,w
Philine,6,w
Pina,6,w
Rana,6,w
Renate,6,w
Selin,6,w
Selina,6,w
Soraya,6,w
Wilma,6,w
Yara,6,w
Yuna,6,w
Alejandro,6,m
Alessandro,6,m
Antonius,6,m
Aurelio,6,m
Aziz,6,m
Burak,6,m
Carlos,6,m
Christopher,6,m
Darian,6,m
Davide,6,m
Elijah,6,m
Francesco,6,m
Gerhard,6,m
Hasan,6,m
Ian,6,m
Ismail,6,m
Jack,6,m
Jaron,6,m
Joris,6,m
Juri,6,m
Karim,6,m
Kerim,6,m
Lars,6,m
Leonidas,6,m
Lino,6,m
Lion,6,m
Mark,6,m
Metin,6,m
Mick,6,m
Miko,6,m
Miro,6,m
Nikolas,6,m
Omar,6,m
Ricardo,6,m
Rocco,6,m
Roman,6,m
Ruben,6,m
Salih,6,m
Thies,6,m
Tristan,6,m
Walter,6,m
Werner,6,m
Ada,5,w
Aimée,5,w
Aleyna,5,w
Aliya,5,w
Almira,5,w
Anne,5,w
Anouk,5,w
Arya,5,w
Beren,5,w
Bianca,5,w
Defne,5,w
Franka,5,w
Fritzi,5,w
Georgia,5,w
Havin,5,w
Hilal,5,w
Irma,5,w
Jette,5,w
Joline,5,w
Juli,5,w
Karlotta,5,w
Kaya,5,w
Kübra,5,w
Lana,5,w
Leona,5,w
Liliana,5,w
Linnea,5,w
Lisanne,5,w
Madeleine,5,w
Malin,5,w
Manal,5,w
Mathilde,5,w
Mayra,5,w
Mieke,5,w
Natalia,5,w
Neyla,5,w
Nika,5,w
Noelia,5,w
Petra,5,w
Rabia,5,w
Safa,5,w
Smilla,5,w
Tara,5,w
Toni,5,w
Violetta,5,w
Yade,5,w
Yaren,5,w
Yağmur,5,w
Zara,5,w
Zofia,5,w
Zümra,5,w
Adriano,5,m
Amon,5,m
Arne,5,m
Aron,5,m
Artur,5,m
Ayman,5,m
Azad,5,m
Benedict,5,m
Bennett,5,m
Bernhard,5,m
Casper,5,m
Denis,5,m
Diyar,5,m
Eliah,5,m
Elian,5,m
Erwin,5,m
Felipe,5,m
Filip,5,m
Frank,5,m
Frederic,5,m
Frederick,5,m
Furkan,5,m
Gianni,5,m
Giulio,5,m
Gregor,5,m
Halil,5,m
Helmut,5,m
Isa,5,m
Jamal,5,m
Jano,5,m
Junior,5,m
Kai,5,m
Kalle,5,m
Kurt,5,m
Laurin,5,m
Leif,5,m
Leonas,5,m
Lian,5,m
Lorenz,5,m
Luiz,5,m
Lutz,5,m
Luuk,5,m
Marc,5,m
Marian,5,m
Mathis,5,m
Melih,5,m
Nepomuk,5,m
Nicklas,5,m
Niclas,5,m
Nicola,5,m
Nikolai,5,m
Nuri,5,m
Ralf,5,m
René,5,m
Rolf,5,m
Rüzgar,5,m
Semi,5,m
Thilo,5,m
Tiago,5,m
Ulrich,5,m
Umut,5,m
Viktor,5,m
Wim,5,m
Yassir,5,m
Çınar,5,m
Aaliyah,4,w
Adele,4,w
Adriana,4,w
Agnes,4,w
Ahsen,4,w
Alexa,4,w
Anissa,4,w
Ariana,4,w
Ayşe,4,w
Carlota,4,w
Cataleya,4,w
Charlotta,4,w
Christin,4,w
Clementine,4,w
Daniela,4,w
Davina,4,w
Delia,4,w
Elaine,4,w
Elly,4,w
Emira,4,w
Esther,4,w
Eva-Maria,4,w
Evelina,4,w
Felina,4,w
Filipa,4,w
Friederike,4,w
Gabriele,4,w
Grace,4,w
Hana,4,w
Hermine,4,w
Hope,4,w
İkra,4,w
Ilaria,4,w
Ilenia,4,w
İrem,4,w
Jara,4,w
Josefina,4,w
Juno,4,w
Kamila,4,w
Karina,4,w
Karolina,4,w
Kira,4,w
Laetitia,4,w
Layla,4,w
Lenja,4,w
Liah,4,w
Lilia,4,w
Lilian,4,w
Lily,4,w
Liz,4,w
Lorin,4,w
Lovisa,4,w
Malak,4,w
Margarethe,4,w
Marianna,4,w
Marianne,4,w
Marika,4,w
Marlen,4,w
Maryam,4,w
Mascha,4,w
Maxi,4,w
May,4,w
Medine,4,w
Merve,4,w
Milou,4,w
Abdurrahman,4,m
Naima,4,w
Ahmad,4,m
Narin,4,w
Akif,4,m
Neele,4,w
Alfred,4,m
Nike,4,w
Alp,4,m
Nila,4,w
Amar,4,m
Patricia,4,w
Anas,4,m
Rebecca,4,w
Andre,4,m
Rita,4,w
Antonino,4,m
Roya,4,w
Aren,4,m
Rüya,4,w
Arif,4,m
Samantha,4,w
Balthasar,4,m
Selma,4,w
Baran,4,m
Shania,4,w
Batu,4,m
Sienna,4,w
Berkay,4,m
Sina,4,w
Charlie,4,m
Stefanie,4,w
Cosmo,4,m
Sue,4,w
Cristiano,4,m
Susanna,4,w
Danny,4,m
Tabea,4,w
Davin,4,m
Teresa,4,w
Domenik,4,m
Ursula,4,w
Edgar,4,m
Veronika,4,w
Edward,4,m
Viviana,4,w
Eliyas,4,m
Wanda,4,w
Elmedin,4,m
Ylvi,4,w
Elvis,4,m
Zahra,4,w
Erich,4,m
Zoi,4,w
Ertuğrul,4,m
Ewald,4,m
Eyüp,4,m
Fiete,4,m
Fridolin,4,m
George,4,m
Georgios,4,m
Gero,4,m
Giuliano,4,m
Hanno,4,m
Heinz,4,m
İbrahim,4,m
Idris,4,m
Ilja,4,m
İlyas,4,m
Ioannis,4,m
Ivo,4,m
Jakub,4,m
Jannes,4,m
Jean,4,m
Jerome,4,m
Jesper,4,m
Jim,4,m
Joscha,4,m
Joschua,4,m
Juan,4,m
Justin,4,m
Kenan,4,m
Kiyan,4,m
Kubilay,4,m
Lean,4,m
Lee,4,m
Len,4,m
Levent,4,m
Lorenzo,4,m
Luc,4,m
Maik,4,m
Manfred,4,m
Mathias,4,m
Mattia,4,m
Mirac,4,m
Murat,4,m
Nassim,4,m
Nevio,4,m
Niko,4,m
Noam,4,m
Paolo,4,m
Pascal,4,m
Rasmus,4,m
Romeo,4,m
Ryan,4,m
Stefan,4,m
Taro,4,m
Taylor,4,m
Thiago,4,m
Vincenzo,4,m
Yahya,4,m
Yunus,4,m
Adelina,3,w
Agrippina,3,w
Aicha,3,w
Alara,3,w
Alba,3,w
Aleksandra,3,w
Alena,3,w
Alessa,3,w
Aliyah,3,w
Almina,3,w
Amanda,3,w
Amara,3,w
Amarachi,3,w
Amber,3,w
Anela,3,w
Anita,3,w
Annabella,3,w
Annalena,3,w
Annemarie,3,w
Arina,3,w
Asena,3,w
Ashley,3,w
Asiya,3,w
Asmin,3,w
Bahar,3,w
Beatrice,3,w
Beyza,3,w
Cara,3,w
Carmela,3,w
Carmen,3,w
Celina,3,w
Cennet,3,w
Cheyenne,3,w
Chloé,3,w
Coco,3,w
Cynthia,3,w
Dalia,3,w
Dania,3,w
Darja,3,w
Denise,3,w
Dilay,3,w
Dorothea,3,w
Duru,3,w
Edith,3,w
Eileen,3,w
Elenia,3,w
Elfriede,3,w
Eliana,3,w
Elis,3,w
Elissa,3,w
Elizabeth,3,w
Elizan,3,w
Enna,3,w
Enni,3,w
Felicia,3,w
Fenja,3,w
Filippa,3,w
Fine,3,w
Adil,3,m
Francesca,3,w
Aiden,3,m
Francisca,3,w
Alan,3,m
Gabriella,3,w
Alexandros,3,m
Georgina,3,w
Alexandru,3,m
Giada,3,w
Alexis,3,m
Gisela,3,w
Alois,3,m
Gloria,3,w
Alvin,3,m
Gülsüm,3,w
Amaru,3,m
Güneş,3,w
An,3,m
Hedi,3,w
Andrei,3,m
Hiba,3,w
Andrej,3,m
Holly,3,w
Anthony,3,m
Ilayda,3,w
Arman,3,m
Inés,3,w
Arno,3,m
Ioanna,3,w
Arvin,3,m
Iris,3,w
Aslan,3,m
Israa,3,w
Ata,3,m
Ivy,3,w
Aurel,3,m
Jade,3,w
Aymen,3,m
Jane,3,w
Bedirhan,3,m
Janne,3,w
Berk,3,m
Jella,3,w
Bjarne,3,m
Jill,3,w
Caner,3,m
Joana,3,w
Castiel,3,m
Josefin,3,w
Cemal,3,m
Josephina,3,w
Charles,3,m
Juliette,3,w
Cristian,3,m
Juni,3,w
Damien,3,m
Kiara,3,w
Danilo,3,m
Käthe,3,w
Dario,3,m
Lamia,3,w
Dejan,3,m
Larissa,3,w
Devin,3,m
Laureen,3,w
Devran,3,m
Lavinia,3,w
Dieter,3,m
Lea-Sophie,3,w
Dirk,3,m
Leana,3,w
Dominic,3,m
Leia,3,w
Ege,3,m
Leonora,3,w
Egon,3,m
Lilja,3,w
Emmanuel,3,m
Lisa-Marie,3,w
Enver,3,m
Liva,3,w
Erdal,3,m
Louiza,3,w
Ernst,3,m
Lu,3,w
Fatih,3,m
Luzie,3,w
Federico,3,m
Lydia,3,w
Filippo,3,m
Magali,3,w
Finley,3,m
Mai,3,w
Fred,3,m
Maike,3,w
Gitano,3,m
Maira,3,w
Günther,3,m
Malaika,3,w
Hagen,3,m
Malea,3,w
Hakan,3,m
Malena,3,w
Han,3,m
Manuela,3,w
Hassan,3,m
Maren,3,w
Hector,3,m
Margaretha,3,w
Isaac,3,m
Mariam,3,w
İsmail,3,m
Marija,3,w
Issa,3,m
Marisol,3,w
Janis,3,m
Martina,3,w
Jerzy,3,m
Matilde,3,w
Jeshua,3,m
Melia,3,w
Jibril,3,m
Melike,3,w
Jiyan,3,m
Meliya,3,w
Joe,3,m
Michaela,3,w
Junus,3,m
Mika,3,w
Karlo,3,m
Milana,3,w
Karol,3,m
Minou,3,w
Kasimir,3,m
Nada,3,w
Kemal,3,m
Nadia,3,w
Keno,3,m
Natalie,3,w
Kirill,3,m
Nellie,3,w
Konstantinos,3,m
Nelly,3,w
Lamine,3,m
Nida,3,w
Lauri,3,m
Nil,3,w
Leonel,3,m
Noelle,3,w
Lias,3,m
Orla,3,w
Logan,3,m
Pippa,3,w
Mahdi,3,m
Rahel,3,w
Marius,3,m
Ravza,3,w
Marten,3,m
Renée,3,w
Mattheo,3,m
Rojin,3,w
Maximus,3,m
Ruth,3,w
Mete,3,m
Sabine,3,w
Metehan,3,m
Salome,3,w
Mikael,3,m
Sare,3,w
Mino,3,m
Sarina,3,w
Mirko,3,m
Saya,3,w
Mirza,3,m
Sıla,3,w
Mohammad,3,m
Sila,3,w
Moussa,3,m
Silvia,3,w
Nael,3,m
Simay,3,w
Nathanael,3,m
Sofía,3,w
Nathaniel,3,m
Suela,3,w
Nelio,3,m
Suheyla,3,w
Neven,3,m
Summer,3,w
Nic,3,m
Talia,3,w
Nicholas,3,m
Tamara,3,w
Nik,3,m
Tamina,3,w
Noa,3,m
Tasnim,3,w
Noé,3,m
Tessa,3,w
Numan,3,m
Theodora,3,w
Onur,3,m
Tina,3,w
Orlando,3,m
Valeria,3,w
Osman,3,m
Valerie,3,w
Pablo,3,m
Vivien,3,w
Panagiotis,3,m
Wilhelmina,3,w
Philippe,3,m
Wilhelmine,3,w
Poyraz,3,m
Yael,3,w
Prince,3,m
Yoko,3,w
Raffael,3,m
Yvonne,3,w
Ragnar,3,m
Zainab,3,w
Ramazan,3,m
Zeliha,3,w
Reda,3,m
Zerya,3,w
Renas,3,m
Şura,3,w
Rudi,3,m
Samu,3,m
Samuele,3,m
Sander,3,m
Sandro,3,m
Seyit,3,m
Siegfried,3,m
Simeon,3,m
Sinan,3,m
Singh,3,m
Tamino,3,m
Tayler,3,m
Tino,3,m
Toprak,3,m
Tuğra,3,m
Tyrese,3,m
Vinh,3,m
Vitus,3,m
Willem,3,m
Yasir,3,m
Yavuz,3,m
Yaşar,3,m
Yigit,3,m
Yosef,3,m
Younes,3,m
Yousef,3,m
Adjo,2,w
Aisha,2,w
Alea,2,w
Alessandra,2,w
Alexis,2,w
Alicja,2,w
Aliki,2,w
Aliza,2,w
Allegra,2,w
Alyara,2,w
Amal,2,w
Amaya,2,w
Ambra,2,w
Aminat,2,w
Aminata,2,w
Anabela,2,w
Anais,2,w
Anamaria,2,w
Anaïs,2,w
Andra,2,w
Ange,2,w
Angel,2,w
Angelika,2,w
Anica,2,w
Anisa,2,w
Anja,2,w
Abdul,2,m
Ann-Sophie,2,w
Abdulhamid,2,m
Annabel,2,w
Abel,2,m
Annamaria,2,w
Abraham,2,m
Annelie,2,w
Agron,2,m
Annelies,2,w
Aleksandar,2,m
Antonella,2,w
Aljoscha,2,m
Antonie,2,w
Allan,2,m
Arda,2,w
Alparslan,2,m
Artemis,2,w
Alpay,2,m
Asiye,2,w
Alvaro,2,m
Assiya,2,w
Alwin,2,m
Athina,2,w
Amadeus,2,m
Aulona,2,w
Amando,2,m
Aurelie,2,w
Amer,2,m
Ayda,2,w
Amiel,2,m
Ayleen,2,w
Amine,2,m
Açelya,2,w
Ammar,2,m
Beatrix,2,w
Angelov,2,m
Bella,2,w
Anh,2,m
Benita,2,w
Anıl,2,m
Bente,2,w
Antoni,2,m
Berfin,2,w
Antonovič,2,m
Berra,2,w
Aram,2,m
Blanka,2,w
Ardian,2,m
Blerina,2,w
Arel,2,m
Blessing,2,w
Ares,2,m
Buğlem,2,w
Arin,2,m
Camilla,2,w
Arion,2,m
Camille,2,w
Arjen,2,m
Carolin,2,w
Armando,2,m
Cassiopeia,2,w
Arnold,2,m
Catherine,2,w
Artin,2,m
Celia,2,w
Asenov,2,m
Cemre,2,w
Atilla,2,m
Ceyda,2,w
Augustin,2,m
Ceyla,2,w
Aurelius,2,m
Chanel,2,w
Aydın,2,m
Chantal,2,w
Ayhan,2,m
Charlott,2,w
Ayoub,2,m
Charly,2,w
Batuhan,2,m
Chelsy,2,w
Berkin,2,m
Chioma,2,w
Bernd,2,m
Christiane,2,w
Bob,2,m
Ciara,2,w
Bogdan,2,m
Constanze,2,w
Borisov,2,m
Cornelia,2,w
Borisovič,2,m
Cosima,2,w
Bram,2,m
Cäcilia,2,w
Béla,2,m
Dalila,2,w
Calogero,2,m
Dayana,2,w
Camilo,2,m
Derin,2,w
Casimir,2,m
Derya,2,w
Cem,2,m
Destiny,2,w
Cengiz,2,m
Dila,2,w
Cenk,2,m
Dina,2,w
Charly,2,m
Divine,2,w
Chris,2,m
Dominique,2,w
Christos,2,m
Dora,2,w
Claus,2,m
Dua,2,w
Curt,2,m
Dunja,2,w
Damir,2,m
Dunya,2,w
Damjan,2,m
Ece,2,w
Daniil,2,m
Ecem,2,w
Dante,2,m
Ecrin,2,w
Daran,2,m
Eden,2,w
Dave,2,m
Egzona,2,w
Davud,2,m
Elana,2,w
Delian,2,m
Elanur,2,w
Demian,2,m
Eleanor,2,w
Desmond,2,m
Elenor,2,w
Destiny,2,m
Eleonora,2,w
Dev,2,m
Eleonore,2,w
Diar,2,m
Elida,2,w
Dino,2,m
Elinor,2,w
Dorian,2,m
Ellen,2,w
Dylan,2,m
Ellie,2,w
Ebubekir,2,m
Elmedina,2,w
Eduardo,2,m
Eloisa,2,w
Edwin,2,m
Ema,2,w
Efecan,2,m
Enie,2,w
Eleftherios,2,m
Enisa,2,w
Eliano,2,m
Esmanur,2,w
Elyes,2,m
Esra,2,w
Elyesa,2,m
Esraa,2,w
Emiliano,2,m
Ester,2,w
Emirhan,2,m
Eveline,2,w
Engin,2,m
Eylül,2,w
Enrico,2,m
Farina,2,w
Enrique,2,m
Felicja,2,w
Ersan,2,m
Feyza,2,w
Eugen,2,m
Filiz,2,w
Evan,2,m
Fleur,2,w
Fabiano,2,m
Florence,2,w
Filipe,2,m
Fotini,2,w
Florin,2,m
Frances,2,w
Floris,2,m
Frederika,2,w
Francisco,2,m
Freyja,2,w
Friedo,2,m
Gabriela,2,w
Gaetano,2,m
Georgieva,2,w
Gennaro,2,m
Gerda,2,w
Gereon,2,m
Gertrud,2,w
Gia,2,m
Gioia,2,w
Gioele,2,m
Giorgia,2,w
Giorgi,2,m
Giuliana,2,w
Giovanni,2,m
Gül,2,w
Grischa,2,m
Gülizar,2,w
Gunnar,2,m
Hafsa,2,w
Görkem,2,m
Hailey,2,w
Güney,2,m
Halima,2,w
Günter,2,m
Hanne,2,w
Hakim,2,m
Hannelore,2,w
Happy,2,m
Hatun,2,w
Harun,2,m
Hedda,2,w
Hauke,2,m
Heide,2,w
Hazar,2,m
Heidi,2,w
Hazir,2,m
Heike,2,w
Henryk,2,m
Hellen,2,w
Herbert,2,m
Hildegard,2,w
Hewad,2,m
Hiranur,2,w
Horst,2,m
Hümeyra,2,w
Hubertus,2,m
Ilona,2,w
Ianis,2,m
Ilse,2,w
Ilay,2,m
Inayah,2,w
Ilian,2,m
Ingrid,2,w
Ilija,2,m
Irem,2,w
Ilijas,2,m
Irena,2,w
Ilya,2,m
Irene,2,w
Ilyan,2,m
Irmi,2,w
Immanuel,2,m
Iva,2,w
Ishak,2,m
Jakob,2,w
Ismet,2,m
Jamila,2,w
Ivan,2,m
Jannat,2,w
İzzet,2,m
Jasmine,2,w
Jad,2,m
Jean,2,w
Jaden,2,m
Jeanne,2,w
Jago,2,m
Jelena,2,w
Jake,2,m
Jenna,2,w
Jamiro,2,m
Jennifer,2,w
Janik,2,m
Jo,2,w
Jari,2,m
Joanne,2,w
Jaro,2,m
Johanne,2,w
Jasin,2,m
Jolien,2,w
Jay,2,m
Jona,2,w
Jenno,2,m
Josi,2,w
Jens,2,m
Josie,2,w
Jeremy,2,m
Joy,2,w
Jesko,2,m
Juana,2,w
Jesse,2,m
Jula,2,w
Joah,2,m
Juliane,2,w
Joko,2,m
Julina,2,w
Jon,2,m
June,2,w
Jonny,2,m
Kaja,2,w
Jonte,2,m
Karin,2,w
Jordan,2,m
Karlie,2,w
Jovan,2,m
Karola,2,w
Jozef,2,m
Karoline,2,w
Joél,2,m
Katarina,2,w
Junaid,2,m
Katja,2,w
Junes,2,m
Katrin,2,w
Junis,2,m
Kenza,2,w
Jurek,2,m
Khadija,2,w
Karam,2,m
Kiana,2,w
Keke,2,m
Kiki,2,w
Kenji,2,m
Kim,2,w
Khan,2,m
Kinga,2,w
Kiano,2,m
Konstantina,2,w
Kjell,2,m
Lani,2,w
Klemens,2,m
Lava,2,w
Kolja,2,m
Leen,2,w
Koray,2,m
Leila,2,w
Korbinian,2,m
Leilani,2,w
Krasimirov,2,m
Leonarda,2,w
Kristian,2,m
Leonore,2,w
Krzysztof,2,m
Leora,2,w
Kuno,2,m
Leticia,2,w
Laszlo,2,m
Leya,2,w
Lawand,2,m
Lianne,2,w
Leano,2,m
Lieselotte,2,w
Leevi,2,m
Lillian,2,w
Lehat,2,m
Lillie,2,w
Lemar,2,m
Lilo,2,w
Lenn,2,m
Lin,2,w
Lenni,2,m
Line,2,w
Leonhard,2,m
Linea,2,w
Levy,2,m
Lioba,2,w
Lewin,2,m
Lira,2,w
Loic,2,m
Lisann,2,w
Lothar,2,m
Lisbeth,2,w
Loui,2,m
Liyana,2,w
Lounes,2,m
Ljiljana,2,w
Lovis,2,m
Loki,2,w
Loïc,2,m
Lora,2,w
Luciano,2,m
Lore,2,w
Lucius,2,m
Loredana,2,w
Lui,2,m
Lori,2,w
Luigi,2,m
Luca,2,w
Luk,2,m
Lucrezia,2,w
Léon,2,m
Lucía,2,w
Maikel,2,m
Mae,2,w
Mailo,2,m
Mafalda,2,w
Mamady,2,m
Magalie,2,w
Marcus,2,m
Maia,2,w
Marie,2,m
Mandy,2,w
Mariusz,2,m
Maram,2,w
Mason,2,m
Margret,2,w
Mateusz,2,m
Marie-Sophie,2,w
Matheo,2,m
Marine,2,w
Matthis,2,m
Marita,2,w
Maxime,2,m
Mariyanova,2,w
Maximillian,2,m
Masal,2,w
Maximo,2,m
Mavi,2,w
Maël,2,m
Maxima,2,w
Mehdi,2,m
Mayssa,2,w
Merdan,2,m
Medea,2,w
Micah,2,m
Meena,2,w
Michail,2,m
Melanie,2,w
Michele,2,m
Meliha,2,w
Milad,2,m
Melin,2,w
Milas,2,m
Melodie,2,w
Milian,2,m
Mercedes,2,w
Minh,2,m
Meta,2,w
Mirco,2,m
Meylin,2,w
Miron,2,m
Mia-Sophie,2,w
Mo,2,m
Milina,2,w
Morten,2,m
Mine,2,w
Mousa,2,m
Mirha,2,w
Muhamed,2,m
Nahla,2,w
Muris,2,m
Najla,2,w
Musab,2,m
Nala,2,w
Naoki,2,m
Nana,2,w
Nikita,2,m
Nas,2,w
Nino,2,m
Nea,2,w
Nolan,2,m
Nelli,2,w
Noor,2,m
Nepheli,2,w
Norbert,2,m
Neva,2,w
Noyan,2,m
Nia,2,w
Okan,2,m
Nicola,2,w
Oltion,2,m
Nikita,2,w
Orhan,2,m
Nikola,2,w
Ozan,2,m
Nilay,2,w
Pavlos,2,m
Nola,2,w
Peer,2,m
Nour,2,w
Phileas,2,m
Nova,2,w
Phillip,2,m
Noëlle,2,w
Pierre,2,m
Nura,2,w
Pit,2,m
Palina,2,w
Pusat,2,m
Paola,2,w
Quentin,2,m
Paulin,2,w
Quinn,2,m
Pelin,2,w
Ralph,2,m
Penelope,2,w
Raman,2,m
Perla,2,w
Raoul,2,m
Pheline,2,w
Raphaël,2,m
Philippa,2,w
Raul,2,m
Phoebe,2,w
Rayyan,2,m
Polly,2,w
Reinhold,2,m
Praise,2,w
Resul,2,m
Rahela,2,w
Reto,2,m
Ramona,2,w
Reyan,2,m
Rea,2,w
Reza,2,m
Regina,2,w
Rico,2,m
Ria,2,w
Rio,2,m
Rieke,2,w
Roger,2,m
Rital,2,w
Roméo,2,m
Ronya,2,w
Ron,2,m
Rosalia,2,w
Ronas,2,m
Rozerin,2,w
Rune,2,m
Rümeysa,2,w
Sahand,2,m
Sabrina,2,w
Salah,2,m
Saime,2,w
Sali,2,m
Saliha,2,w
Salim,2,m
Salsabil,2,w
Samet,2,m
Sarya,2,w
Sammy,2,m
Sashova,2,w
Sanjay,2,m
Scarlett,2,w
Sarp,2,m
Sema,2,w
Sarwar,2,m
Serena,2,w
Sascha,2,m
Sevdalinova,2,w
Scott,2,m
Sham,2,w
Semin,2,m
Sharon,2,w
Serhat,2,m
Shirin,2,w
Serkan,2,m
Sidelya,2,w
Severino,2,m
Silla,2,w
Seymen,2,m
Simone,2,w
Shawn,2,m
Sofija,2,w
Shayan,2,m
Sol,2,w
Sidney,2,m
Sonia,2,w
Soner,2,m
Sonja,2,w
Soufian,2,m
Sophie-Marie,2,w
Taylan,2,m
Sorina,2,w
Teo,2,m
Stefania,2,w
Teoman,2,m
Stephanie,2,w
Tevfik,2,m
Sudenaz,2,w
Thorben,2,m
Sumaya,2,w
Tilman,2,m
Suna,2,w
Tilo,2,m
Susan,2,w
Timothy,2,m
Svea,2,w
Timuçin,2,m
Svenja,2,w
Tolga,2,m
Swantje,2,w
Torben,2,m
Sylvia,2,w
Torsten,2,m
Sümeyye,2,w
Tunahan,2,m
Talina,2,w
Viggo,2,m
Taliya,2,w
Vince,2,m
Tanja,2,w
Vladimir,2,m
Tassnim,2,w
Will,2,m
Tiana,2,w
Wojciech,2,m
Vicky,2,w
Wolf,2,m
Virginia,2,w
Yago,2,m
Vittoria,2,w
Yakup,2,m
Vivienne,2,w
Yaman,2,m
Wafaa,2,w
Yann,2,m
Xenia,2,w
Yilmaz,2,m
Yagmur,2,w
Yves,2,m
Yasemin,2,w
Zacharias,2,m
Yasmina,2,w
Zafer,2,m
Yi,2,w
Zakariya,2,m
Yüsra,2,w
Zeravan,2,m
Zuzanna,2,w
Zeyd,2,m
Şeyma,2,w
Şahin,2,m
,1,w
,1,m
Aahana,1,w
Aalbin,1,m
Aaliyah-Jasmina,1,w
Aarav,1,m
Aaliyha,1,w
Aariz,1,m
Aaya,1,w
Aarne,1,m
Aba,1,w
Aaro,1,m
Abbygale,1,w
Aaron-Benedict,1,m
Abdulkhalq,1,w
Aaros,1,m
Abdulrahman,1,w
Abai,1,m
Abeba,1,w
Abas,1,m
Abigael,1,w
Abd,1,m
Abigail,1,w
Abdallah,1,m
Abigia,1,w
Abdelhak,1,m
Abir,1,w
Abdelouahed,1,m
Acelia,1,w
Abdo,1,m
Adalet,1,w
Abdulkerim,1,m
Adel,1,w
Abdulla,1,m
Adelheid,1,w
Abdulmalik,1,m
Adenike,1,w
Abdulrahman,1,m
Adina,1,w
Abdurahman,1,m
Adişah,1,w
Abdülhamid,1,m
Adjoa,1,w
Abenezer,1,m
Aduiana,1,w
Abidin,1,m
Aenna,1,w
Abjan,1,m
Aerin,1,w
Abram,1,m
Aether,1,w
Abubakar,1,m
Afnen,1,w
Abyan,1,m
Afra,1,w
Achil,1,m
Agata,1,w
Achill,1,m
Agnetha,1,w
Achilleas,1,m
Agnieszka,1,w
Achmedin,1,m
Agona,1,w
Achyutha,1,m
Agorou,1,w
ad-Din,1,m
Agostino,1,w
Adamantios,1,m
Aid,1,w
Adamov,1,m
Aida,1,w
Adel,1,m
Aimi,1,w
Adis,1,m
Aimliss,1,w
Adison,1,m
Aina,1,w
Adnan,1,m
Ainhoa,1,w
Advaith,1,m
Ainoha,1,w
Adymovič,1,m
Aisa,1,w
Aenne,1,m
Aischa,1,w
Afan,1,m
Aischat,1,w
Aharon,1,m
Ajana,1,w
Aidan,1,m
Ajlina,1,w
Aidel,1,m
Ajna,1,w
Aisosa,1,m
Ajsa,1,w
Ajan,1,m
Akida,1,w
Ajdin,1,m
Akiko,1,w
Ajibola,1,m
Akorè,1,w
Ajlan,1,m
Akouélé,1,w
Ajmad,1,m
Alaa,1,w
Akam,1,m
Alaida,1,w
Akın,1,m
Alaika,1,w
Ako,1,m
Alana,1,w
Akouété,1,m
Alaya,1,w
Alaattin,1,m
Alayah,1,w
Alain,1,m
Alayna,1,w
Alaric,1,m
Alberta,1,w
Alasdair,1,m
Aleena,1,w
Alassane,1,m
Alejandra,1,w
Alban,1,m
Alejna,1,w
Alberto,1,m
Aleksandrova,1,w
Albin,1,m
Alema,1,w
Aleandro,1,m
Alenda,1,w
Alejo,1,m
Alera,1,w
Alek,1,m
Alexandra-Elena,1,w
Aleks,1,m
Alexandrovna,1,w
Aleksandr,1,m
Aleynar,1,w
Aleksey,1,m
Alfonsina,1,w
Alesio,1,m
Alia,1,w
Alex-Aras,1,m
Aliah-Sophie,1,w
Alexandar,1,m
Aliana,1,w
Alexander-Damian,1,m
Alievna,1,w
Alexandri,1,m
Alima,1,w
Alfons,1,m
Alinda,1,w
Alfonso,1,m
Aline,1,w
Alhalim,1,m
Alisia,1,w
Alim,1,m
Alison,1,w
Alin,1,m
Alisya,1,w
Alisan,1,m
Aliz,1,w
Alishan,1,m
Alize,1,w
Alkan,1,m
Alizée,1,w
Almedin,1,m
Almedina,1,w
Almin,1,m
Almıla,1,w
Alon,1,m
Almila,1,w
Alonso,1,m
Alysha,1,w
Alpacino,1,m
Alyssa,1,w
Alper,1,m
Amalia-Sophie,1,w
Alpha,1,m
Amalie,1,w
Alptekin,1,m
Amaliya,1,w
Altay,1,m
Amaryllis,1,w
Aly,1,m
Amatullah,1,w
Amad,1,m
Amela,1,w
Aman,1,m
Amelié,1,w
Amara,1,m
Amella,1,w
Amedeo,1,m
Amely,1,w
Amel,1,m
Ameni,1,w
Amil,1,m
Amenze,1,w
Amois,1,m
Amila,1,w
Amos,1,m
Amily,1,w
Amras,1,m
Amine,1,w
Amrit,1,m
Amirdaa,1,w
Amritjai,1,m
Amma,1,w
Amun,1,m
Ammun,1,w
Anastasios,1,m
Amne,1,w
Anatar,1,m
Amrei,1,w
Anatole,1,m
Amylia,1,w
Anatoli,1,m
Anabell,1,w
Andi,1,m
Anabelle,1,w
Andreev,1,m
Anahit,1,w
Andreja,1,m
Anahita,1,w
Andres,1,m
Anastasija,1,w
Andrey,1,m
Anastazija,1,w
Andrius,1,m
Anaya,1,w
Andrè,1,m
Andia,1,w
Anel,1,m
Andrada-Dalia,1,w
Aneliev,1,m
Andrea,1,w
Anev,1,m
Andreia,1,w
Angel,1,m
Andriana,1,w
Angelos,1,m
Andrée,1,w
Anil,1,m
Anduena,1,w
Anir,1,m
Anelieva,1,w
Ankov,1,m
Anessa,1,w
Anouar,1,m
Aneta,1,w
Ansar,1,m
Angelica,1,w
Anselm,1,m
Angelova,1,w
Ansgar,1,m
Anh,1,w
Antero,1,m
Anhar,1,w
Antoine,1,m
Ani,1,w
Apollo,1,m
Aniana,1,w
Aptievič,1,m
Aniela,1,w
Aqeel,1,m
Anila,1,w
Aran,1,m
Animser,1,w
Araz,1,m
Anira,1,w
Arben,1,m
Anjali,1,w
Archibald,1,m
Anju,1,w
Ardijan,1,m
Anjuli,1,w
Arek,1,m
Ankunda,1,w
Argeş,1,m
Ann,1,w
Ari,1,m
Ann-Nike,1,w
Aric,1,m
Anna-Joline,1,w
Arieoghosa,1,m
Anna-Karina,1,w
Arijan,1,m
Anna-Lotte,1,w
Arik,1,m
Anna-Maria,1,w
Ario,1,m
Anna-Milla,1,w
Aris,1,m
Annaline,1,w
Arkadiusz,1,m
Annalisa,1,w
Arlyn,1,m
Annalise,1,w
Armani,1,m
Annasofia,1,w
Armağan,1,m
Anneke,1,w
Armindo,1,m
Annelene,1,w
Arnav,1,m
Anneli,1,w
Arndt,1,m
Anneliese,1,w
Arona,1,m
Annelotte,1,w
Arpit,1,m
Annemie,1,w
Arshad,1,m
Anniana,1,w
Arslan,1,m
Annikki,1,w
Arturo,1,m
Annna,1,w
Arved,1,m
Annukka,1,w
Arvid,1,m
Anora,1,w
Arya,1,m
Anousha,1,w
Aryan,1,m
Antje,1,w
Arîn,1,m
Antonina,1,w
Asaf,1,m
Antonius,1,w
Ashkin,1,m
Antwi,1,w
Asker,1,m
Anuka,1,w
Atabey,1,m
Anush,1,w
Atakan,1,m
Anya,1,w
Atanasov,1,m
Apollina,1,w
Atef,1,m
Apple,1,w
Athanasios,1,m
April,1,w
Athos,1,m
Aranka,1,w
Atréju,1,m
Ardiana,1,w
Atticus,1,m
Aren,1,w
Attila,1,m
Areti,1,w
Atylla,1,m
Ariane,1,w
Augustinus,1,m
Arielle,1,w
Auni,1,m
Arilena,1,w
Auras,1,m
Arisha,1,w
Aurelian,1,m
Arissa,1,w
Auricio,1,m
Aristéa,1,w
Aurin,1,m
Arlet,1,w
Aurèle,1,m
Artemisia,1,w
Avdej,1,m
Artina,1,w
Avery,1,m
Aruba,1,w
Avin,1,m
Asare,1,w
Awer,1,m
Asenova,1,w
Awirajh,1,m
Ashira,1,w
Axl,1,m
Asia,1,w
Ayaz,1,m
Asija,1,w
Ayden,1,m
Asma,1,w
Ayech,1,m
Asme,1,w
Ayité,1,m
Asra,1,w
Ayodele,1,m
Assal,1,w
Ayron,1,m
Assia,1,w
Azadçan,1,m
Assiah,1,w
Azar,1,m
Assil,1,w
Azeem,1,m
Assma,1,w
Azim,1,m
Asta,1,w
Azrail,1,m
Astrid,1,w
Aşır,1,m
Atanasova,1,w
Babakar,1,m
Athena,1,w
Bak,1,m
Atim,1,w
Bane,1,m
Atrisa,1,w
Bao-Vinh,1,m
Augusta,1,w
Baptista,1,m
Augustine,1,w
Bardia,1,m
Aune,1,w
Barış,1,m
Aurita,1,w
Barney,1,m
Aurona,1,w
Bartholomäus,1,m
Aurélia,1,w
Bartlomiej,1,m
Aurélie,1,w
Basir,1,m
Ava-Lioba-Antonia,1,w
Bastian-Luca,1,m
Avani,1,w
Batucan,1,m
Avelina,1,w
Bawer,1,m
Avery,1,w
Bayezid,1,m
Avienna,1,w
Bayram,1,m
Avina,1,w
Baz,1,m
Avita,1,w
Bechir,1,m
Awa,1,w
Bedi,1,m
Axinja,1,w
Bedirhan-Yiğit,1,m
Aya,1,w
Behram,1,m
Ayat,1,w
Belmin,1,m
Aybüke,1,w
Beltrán,1,m
Aydan,1,w
Belén,1,m
Ayet,1,w
Ben-Jenja,1,m
Aygül,1,w
Ben-Luca,1,m
Ayisha,1,w
Benas,1,m
Aylina,1,w
Bendix,1,m
Ayllin,1,w
Bene,1,m
Aymara,1,w
Beniamin,1,m
Ayperi,1,w
Benian,1,m
Ayse,1,w
Benne,1,m
Aysel,1,w
Benoa,1,m
Aysima,1,w
Bente,1,m
Ayten,1,w
Bentley,1,m
Ayza,1,w
Beo,1,m
Ayşegül,1,w
Bera,1,m
Ayşenur,1,w
Beraat,1,m
Aziza,1,w
Beran,1,m
Babette,1,w
Berendt,1,m
Baby,1,w
Berkan,1,m
Bade,1,w
Berke,1,m
Bahnam,1,w
Berkem,1,m
Bahtovarovna,1,w
Berlioz,1,m
Banu,1,w
Bernard,1,m
Baraa,1,w
Bernhart,1,m
Baria,1,w
Berslan,1,m
Barin,1,w
Besjan,1,m
Bassma,1,w
Beytullah,1,m
Bayan,1,w
Bijan,1,m
Beate,1,w
Bilge,1,m
Beatris,1,w
Bilgehan,1,m
Bedia,1,w
Bin,1,m
Bejna,1,w
Birhat,1,m
Bekrica,1,w
Birkan,1,m
Belachew,1,w
Biyan,1,m
Belchinova,1,w
Björn,1,m
Belgin,1,w
Blaže,1,m
Belinay,1,w
Bleron,1,m
Belqis,1,w
Bode,1,m
Benedetta,1,w
Bodo,1,m
Benedicta,1,w
Boieru,1,m
Benedikt,1,w
Boluwatife,1,m
Bensu,1,w
Bono,1,m
Bera,1,w
Bora,1,m
Berina,1,w
Boris,1,m
Berivan,1,w
Borislavov,1,m
Berlina,1,w
Borys,1,m
Bernadett,1,w
Bosse,1,m
Bernadette,1,w
Botan,1,m
Berta,1,w
Brayhan,1,m
Bessé,1,w
Brean,1,m
Bethel,1,w
Breogan,1,m
Betsie,1,w
Brian,1,m
Betty,1,w
Brier,1,m
Betul,1,w
Brihat,1,m
Betül,1,w
Bryan,1,m
Beulah,1,w
Bulut,1,m
Beyla,1,w
Burkard,1,m
Beyrutova,1,w
Buron,1,m
Bianka,1,w
Bünyamin,1,m
Bigi,1,w
Bảo,1,m
Bilay,1,w
Cafer,1,m
Bilge,1,w
Caillen,1,m
Billa,1,w
Cains,1,m
Binderiya,1,w
Caio,1,m
Binevs,1,w
Caius,1,m
Binta,1,w
Calum,1,m
Birgit,1,w
Calvin,1,m
Birte,1,w
Camiel,1,m
Bleona,1,w
Can-Alim,1,m
Blessed,1,w
Can-Nedžat,1,m
Bleta,1,w
Cangazi,1,m
Bo,1,w
Canmerdan,1,m
Bojana,1,w
Carles,1,m
Boschra,1,w
Carlito,1,m
Bowen,1,w
Carmelo,1,m
Brienne,1,w
Carmine,1,m
Bright,1,w
Carol,1,m
Brigitte,1,w
Cassian,1,m
Briseide,1,w
Cayden,1,m
Brittany,1,w
Cedric,1,m
Burçak,1,w
Celal,1,m
Büsra,1,w
Cemil,1,m
Ca,1,w
Cenk-Malik,1,m
Caecilia,1,w
Cesare,1,m
Caitlyn,1,w
Chad,1,m
Calima,1,w
Chadi,1,m
Camara,1,w
Channing,1,m
Can,1,w
Chantal,1,m
Candace,1,w
Chapman,1,m
Cansın,1,w
Chen,1,m
Cari,1,w
Cherubin,1,m
Carina,1,w
Chibuzor,1,m
Casia,1,w
Chidera,1,m
Cassia,1,w
Chiharu,1,m
Catarina,1,w
Chika,1,m
Cathrine,1,w
Chima,1,m
Cathálea,1,w
Chimela,1,m
Caysie,1,w
Christiano,1,m
Celeste,1,w
Christijaan,1,m
Celina-Marie,1,w
Chubby,1,m
Cemille,1,w
Chun,1,m
Cena,1,w
Churchil,1,m
Ceren,1,w
Cihan,1,m
Ceyhana,1,w
Cihangir,1,m
Ceylan,1,w
Cinar,1,m
Chakline,1,w
Claas,1,m
Chanaya,1,w
Claude,1,m
Chancellyse,1,w
Claudio,1,m
Charleen,1,w
Claudius,1,m
Charlin,1,w
Clinton,1,m
Charline,1,w
Clément,1,m
Charlotta-Felicia,1,w
Cole,1,m
Chartlotte,1,w
Collin,1,m
Chayelle,1,w
Colm,1,m
Chayma,1,w
Colonius,1,m
Chaymae,1,w
Conner,1,m
Chelsea,1,w
Connor,1,m
Chengling,1,w
Constantijn,1,m
Cherie,1,w
Constantin-Fabian,1,m
Cheryn,1,w
Corben,1,m
Cheyma,1,w
Cornelis,1,m
Chiara-Marie,1,w
Covenant,1,m
Chiemela,1,w
Covy,1,m
Chikaodi,1,w
Criag,1,m
Chloe,1,w
Cuma,1,m
Chorouk,1,w
Cyrus,1,m
Chrisa,1,w
Céphanam,1,m
Christa,1,w
Cüneyd,1,m
Christelle,1,w
Daivik,1,m
Christiana,1,w
Dali,1,m
Ci,1,w
Damiano,1,m
Cicek,1,w
Damijan,1,m
Cileide,1,w
Damon,1,m
Clarissa,1,w
Danailov,1,m
Clarisse,1,w
Dang,1,m
Clementina,1,w
Daniel-Baysangur,1,m
Cora,1,w
Danijal,1,m
Corina,1,w
Danjel,1,m
Corinna,1,w
Darius,1,m
Coumba,1,w
Dariusz,1,m
Cyara,1,w
Darlind,1,m
Cyntia,1,w
Darnell,1,m
Cäcilie,1,w
Darrel,1,m
Céline,1,w
Daryan,1,m
Dagmar,1,w
Daud,1,m
Dahlia,1,w
Davi,1,m
Daiana,1,w
Davian,1,m
Dajana,1,w
Davit,1,m
Daliah,1,w
Davor,1,m
Damaris,1,w
Dawid,1,m
Damla,1,w
Dawino,1,m
Daniella,1,w
Dawud,1,m
Danielle,1,w
Dayan,1,m
Danuta,1,w
Daymien,1,m
Danya,1,w
Dayo,1,m
Daria-Maria,1,w
Dean-Castiel,1,m
Darina,1,w
Degnan,1,m
Darlin,1,w
Demedj-Jelani,1,m
Darya,1,w
Demir,1,m
Debora,1,w
Den,1,m
Dejana,1,w
Denny,1,m
Deljin,1,w
Derick,1,m
Delsa,1,w
Derui,1,m
Delya,1,w
Devid,1,m
Demir,1,w
Devrim,1,m
Denisha,1,w
Dewran,1,m
Despina,1,w
Dhruv-Nikhil,1,m
Deva,1,w
Dias,1,m
Devi,1,w
Dietmar,1,m
Devova,1,w
Dietrich,1,m
Dhaniya,1,w
Diinesh,1,m
Diaa,1,w
Dilan,1,m
Didem,1,w
Dilgasch,1,m
Diellëza,1,w
Dilschad,1,m
Dilan,1,w
Dilshad,1,m
Dilayla,1,w
Dilvan,1,m
Dilvin,1,w
Dimitri,1,m
Dimitra,1,w
Dimitrios,1,m
Diola,1,w
Diogo,1,m
Diya,1,w
Diyako,1,m
Djamila,1,w
Diyen,1,m
Djeneba,1,w
Djaha,1,m
Djinane,1,w
Djamil,1,m
Doa,1,w
Djarno,1,m
Dominica,1,w
Djena,1,m
Donatella,1,w
Djessy,1,m
Dorota,1,w
Djiba,1,m
Dorothee,1,w
Djoe,1,m
Dorothy,1,w
Djordje,1,m
Dounia,1,w
Dlbir,1,m
Doğanaz,1,w
Domenick,1,m
Drita,1,w
Domenico,1,m
Dunia,1,w
Dominion,1,m
Duygu,1,w
Donijet,1,m
Dzhengiz,1,w
Dorotheus,1,m
Débora,1,w
Doruk,1,m
Dünya,1,w
Doğukan,1,m
Dženeta,1,w
Dragan,1,m
Eardley,1,w
Drilon,1,m
Ebah,1,w
Driton,1,m
Ebru,1,w
Duccio,1,m
Ebtissam,1,w
Ducel,1,m
Ebubechukwu,1,w
Duncan,1,m
Edel,1,w
Durim,1,m
Eflin,1,w
Dustin,1,m
Efsa,1,w
Dux,1,m
Eftelya,1,w
Dwayne,1,m
Ekaterini,1,w
Dzhengiz,1,m
Ekesuomoh,1,w
Dêrsım,1,m
Ekin,1,w
Dženan,1,m
Elaina-Ann,1,w
Eamon,1,m
Elasu,1,w
Ebenezer-Steve,1,m
Elda,1,w
Ebo,1,m
Eldana,1,w
Ebosetale,1,m
Elea,1,w
Ebrar,1,m
Elem,1,w
Ebube,1,m
Elen,1,w
Edat,1,m
Elenoir,1,w
Eddie,1,m
Elenore,1,w
Eddine,1,m
Elenova,1,w
Ede,1,m
Elenya,1,w
Eden,1,m
Eleonor,1,w
Edim,1,m
Eleyna,1,w
Edmond,1,m
Elias,1,w
Edonis,1,m
Eliese,1,w
Edouard,1,m
Elife,1,w
Eduardovič,1,m
Elijona,1,w
Edvin,1,m
Elilta,1,w
Edvon,1,m
Elima,1,w
Edwardt,1,m
Eline,1,w
Efehan,1,m
Eliona,1,w
Efkan,1,m
Eliora,1,w
Efrem,1,m
Elisabeta,1,w
Eftim,1,m
Elisanne,1,w
Eftychios,1,m
Elisá,1,w
Egbert,1,m
Elita,1,w
Egemen,1,m
Eliya,1,w
Egor,1,m
Eliz,1,w
Egzon,1,m
Elizabeta,1,w
Eik,1,m
Elizabetha,1,w
Eike,1,m
Elizabetova,1,w
Eilas,1,m
Elizaveta,1,w
Einar,1,m
Elmas,1,w
Ejiro,1,m
Elodie,1,w
Ekin,1,m
Elvin,1,w
Elay,1,m
Elyesa,1,w
Eldar,1,m
Elyon,1,w
Eldi,1,m
Elyssa,1,w
Elie,1,m
Elá,1,w
Eliel,1,m
Emaly,1,w
Elija,1,m
Emanuelle,1,w
Elijan,1,m
Emel,1,w
Eliott,1,m
Emelie-Julia,1,w
Eliyahu,1,m
Emely-Mia,1,w
Eliyo,1,m
Emeni,1,w
Elizabetov,1,m
Emila,1,w
Elián,1,m
Emilia-Jolien,1,w
Eljan,1,m
Emilia-Lilli,1,w
Eljon,1,m
Emiliy,1,w
Elliot,1,m
Emilova,1,w
Elliott,1,m
Emilya,1,w
Elmidin,1,m
Emina,1,w
Elohime,1,m
Emma-Catharina,1,w
Eloy,1,m
Emma-Maria,1,w
Eloïc,1,m
Emma-Sofie,1,w
Elvin,1,m
Emma-Sophie,1,w
Elvir,1,m
Emmanuelle,1,w
Elías,1,m
Emrin-Dua,1,w
Emad,1,m
Emy,1,w
Emanuel-David,1,m
Enalis,1,w
Emike,1,m
Eni,1,w
Emil-Maximilian,1,m
Enia,1,w
Emilias,1,m
Enora,1,w
Emilien,1,m
Enya,1,w
Emircan,1,m
Eowyn,1,w
Emirömer,1,m
Ephrata,1,w
Emmanuell,1,m
Erdwine,1,w
Eméric,1,m
Erfan,1,w
Enda,1,m
Eriana,1,w
Endrit,1,m
Erina,1,w
Ensâr,1,m
Erisa,1,w
Enzo,1,m
Ermina,1,w
Erasmus,1,m
Ernestine,1,w
Eray,1,m
Ese,1,w
Ercan,1,m
Eske,1,w
Erdem,1,m
Estefania,1,w
Erdogan,1,m
Estela,1,w
Erfan,1,m
Estella,1,w
Erhard,1,m
Esthel,1,w
Erion,1,m
Eugenia,1,w
Erisioja,1,m
Evanthia,1,w
Ermin,1,m
Evelin,1,w
Ermir,1,m
Evie,1,w
Ernesto,1,m
Evin,1,w
Erol,1,m
Evrim,1,w
Eron,1,m
Evîn,1,w
Errol,1,m
Ewa,1,w
Ervio,1,m
Eya,1,w
Esad,1,m
Ezana,1,w
Escario,1,m
Ezginur,1,w
Eshanth,1,m
Ezo,1,w
Esko,1,m
Fabien,1,w
Espoire,1,m
Fabiola,1,w
Esteban,1,m
Fadime,1,w
Etem,1,m
Faheemah,1,w
Ethan,1,m
Faith,1,w
Ethem,1,m
Falak,1,w
Ethiosa,1,m
Famke,1,w
Etienne,1,m
Fanny,1,w
Etinosa,1,m
Fanta,1,w
Evangelos,1,m
Faridat,1,w
Evvel,1,m
Fati,1,w
Ewan,1,m
Fatıma,1,w
Eyad,1,m
Fatimatüz,1,w
Eyrunosase,1,m
Fatjona,1,w
Eyup,1,m
Fatmagül,1,w
Eyvas,1,m
Fatmanur,1,w
Eyyub,1,m
Fatoumata,1,w
Eyyup,1,m
Fay,1,w
Eyyüb,1,m
Faye,1,w
Eyüp-Liam,1,m
Fayza,1,w
Ezra,1,m
Fazilet,1,w
Fabrice,1,m
Fee,1,w
Fabricio,1,m
Feenja,1,w
Fadi,1,m
Felia,1,w
Fahri,1,m
Felicitas-Elisabeth,1,w
Faik,1,m
Felipa,1,w
Faizan,1,m
Felizia,1,w
Falc,1,m
Felizitas,1,w
Falk,1,m
Felícia,1,w
Fang,1,m
Fernanda,1,w
Fardin,1,m
Fijona,1,w
Farin,1,m
Filippa-Lou,1,w
Farouk,1,m
Filomena,1,w
Faruk,1,m
Fina,1,w
Fashola,1,m
Finia,1,w
Felix-Jakob,1,m
Finnja,1,w
Fenrir,1,m
Firdes,1,w
Ferdinando,1,m
Fjolla,1,w
Ferdy,1,m
Flavia,1,w
Feridun,1,m
Flona,1,w
Ferrero,1,m
Flore,1,w
Ferris,1,m
Florentina,1,w
Fetija,1,m
Floriane,1,w
Fidel,1,m
Florine,1,w
Fietje,1,m
Flôrentine,1,w
Filo,1,m
Frankincense,1,w
Finian,1,m
Frede,1,w
Finjas,1,m
Frederieke,1,w
Finnian,1,m
Frederike,1,w
Finnick,1,m
Frida-Lielle,1,w
Fionn,1,m
Friederike-Sophie,1,w
Fiorentino,1,m
Frigga,1,w
Firas,1,m
Gangkar,1,w
Fjonn,1,m
Geeti,1,w
Flavio,1,m
Gemma,1,w
Florens,1,m
Geneviève,1,w
Floyd,1,m
Genny,1,w
Fo-Kossi,1,m
Genoveva,1,w
Formosa,1,m
Gerdi,1,w
Francesko,1,m
Giang,1,w
Francis,1,m
Gila,1,w
Franco,1,m
Gina,1,w
François,1,m
Giorgia-Giulia,1,w
Freddie,1,m
Giovanna,1,w
Frederico,1,m
Gisele,1,w
Frey,1,m
Giulietta,1,w
Frieder,1,m
Glennis,1,w
Fuad,1,m
Glory,1,w
Fuat,1,m
Golde,1,w
Gabriele,1,m
Gudrun,1,w
Gabrijel,1,m
Gurleen,1,w
Gabriyel,1,m
Gwendolen,1,w
Galip,1,m
Gyunaydan,1,w
Gandolfo,1,m
Gyurgieva,1,w
Gaudenz,1,m
Gökçe,1,w
Gayiiya,1,m
Gökçen,1,w
Gedeon,1,m
Gönül,1,w
Genaro,1,m
Gülbeyaz,1,w
Georgi,1,m
Gülcan,1,w
Georgievich,1,m
Güldehan,1,w
Gerald,1,m
Gülistan,1,w
Gerard,1,m
Gülsen-Nur,1,w
Gholam,1,m
Gülsey,1,w
Giacomo,1,m
Gülsima,1,w
Gian,1,m
Güner,1,w
Gian-Luca,1,m
Ha-Na,1,w
Gianluca,1,m
Hacer,1,w
Giano,1,m
Hadar,1,w
Gilad,1,m
Hadjer,1,w
Gilbert,1,m
Hafiza,1,w
Gino,1,m
Hafize,1,w
Giorgio,1,m
Hagira,1,w
Giorgos,1,m
Haily,1,w
Giuliano-Jérôme,1,m
Hajar,1,w
Gizem,1,m
Hala,1,w
Gleb,1,m
Hale,1,w
Godo,1,m
Halime,1,w
Gomin,1,m
Halina,1,w
Goodluck,1,m
Hameed,1,w
Gopal,1,m
Hamide,1,w
Gordian,1,m
Hanar,1,w
Gottfried,1,m
Hania,1,w
Grigorij,1,m
Hanim,1,w
Guido,1,m
Hanine,1,w
Guram,1,m
Haniya,1,w
Gurnoor,1,m
Hanna-Lea,1,w
Gustavo,1,m
Harieth,1,w
Guy,1,m
Harina,1,w
Gyuner,1,m
Haruko,1,w
Gyurgiev,1,m
Harven,1,w
Gábor,1,m
Hasanova,1,w
Gérôme,1,m
Hasel,1,w
Gökhan,1,m
Hasenat,1,w
Göksel,1,m
Haset,1,w
Gözel,1,m
Hatiçe,1,w
Günel,1,m
Havah,1,w
Güven,1,m
Havi,1,w
Haadhi,1,m
Havva,1,w
Haci,1,m
Hawa,1,w
Hagar,1,m
Haya,1,w
Halis,1,m
Hayet,1,w
Haluk,1,m
Haylee,1,w
Hamid,1,m
Hayley,1,w
Hamidovič,1,m
Haylie,1,w
Hamim,1,m
Hayrunnisa,1,w
Hanif,1,m
Haziran,1,w
Hank,1,m
Hedwig,1,w
Hannah,1,m
Heidrun,1,w
Hans-Rainer,1,m
Heleen,1,w
Hao,1,m
Helga,1,w
Harald,1,m
Helina,1,w
Hardrian,1,m
Helwin,1,w
Hardy,1,m
Heléna,1,w
Harem,1,m
Hena,1,w
Hari,1,m
Henni,1,w
Harpreet,1,m
Henny,1,w
Harris,1,m
Hewin,1,w
Hauk,1,m
Hifa,1,w
Hauraz,1,m
Hikmat,1,w
Havnd,1,m
Hilda,1,w
Hayssam,1,m
Hilde,1,w
Heiko,1,m
Hiltje,1,w
Heiner,1,m
Hiyab,1,w
Heinz-Joachim,1,m
Hjelmeland,1,w
Hejan,1,m
Hola,1,w
Helge,1,m
Hosan,1,w
Henk,1,m
Hosna,1,w
Henner,1,m
Hubertine,1,w
Hennes,1,m
Huda,1,w
Henni,1,m
Humeda,1,w
Henrique,1,m
Humeyra,1,w
Herchel,1,m
Huritshan,1,w
Herdel,1,m
Hélin,1,w
Herdem,1,m
Hélène,1,w
Herman,1,m
Hüdaya,1,w
Heval,1,m
Hülya,1,w
Hilmi,1,m
Hüma,1,w
Hinata,1,m
Hüsniye,1,w
Hinnerk,1,m
Hồng,1,w
Holger,1,m
Iasmina,1,w
Homayun,1,m
Ida-Marlene,1,w
Hormat,1,m
Idowu,1,w
Hosni,1,m
Iduna,1,w
Hossein,1,m
Iesha,1,w
Houcine,1,m
Ife,1,w
Housseine,1,m
Ifechukwu,1,w
Hozan,1,m
Iffet,1,w
Hubert,1,m
Ifueko,1,w
Hudaifa,1,m
Ihlas,1,w
Hunani,1,m
Ihorivna,1,w
Hussain,1,m
Ikbal,1,w
Héctor,1,m
Ikjas,1,w
Ibragim,1,m
Ikra,1,w
Ibragimovic,1,m
İlayda,1,w
Ibsham,1,m
Ileen,1,w
Idriss,1,m
Ilen,1,w
Ignazio,1,m
Ilesanmi,1,w
Igor,1,m
İleyna,1,w
Ihsan,1,m
Ileyza,1,w
İhsan,1,m
Ilham,1,w
Ilai,1,m
Iliana,1,w
Ilan,1,m
Iljana,1,w
İlay,1,m
Ilka,1,w
İlham,1,m
İlkimsu,1,w
İlhan,1,m
İlknur,1,w
Ilia,1,m
Ilknur,1,w
Ilie,1,m
Ilma,1,w
Iliyan,1,m
Ilsejda,1,w
Iliyas,1,m
Ilyaida,1,w
Iljas,1,m
Ima,1,w
İlkay,1,m
Iman,1,w
Ilker,1,m
Imani,1,w
Ilmari,1,m
Inaia,1,w
Ilyass,1,m
Inanna,1,w
İlzam,1,m
Inass,1,w
Imad,1,m
Inaya,1,w
Imar,1,m
İnci,1,w
Imran,1,m
India,1,w
Imrane,1,m
Ines,1,w
Inan,1,m
Inga,1,w
Ingo,1,m
Inge,1,w
Iredia,1,m
Io,1,w
İsa,1,m
Ioana,1,w
Isaiah,1,m
Ioulia,1,w
Isar,1,m
Irfan,1,w
Ismael,1,m
Irina,1,w
Iso,1,m
Irmak,1,w
Israel,1,m
Irmgard,1,w
Isshin,1,m
Irsa,1,w
István,1,m
Isabella-Jasmin,1,w
Iulian,1,m
Iseoluwa,1,w
Iurii,1,m
Isioma,1,w
Ivelinov,1,m
Islamiat,1,w
Ivon,1,m
Isra,1,w
Iwinosa,1,m
Israe,1,w
Iwo,1,m
Israă,1,w
Iyad,1,m
Isrun,1,w
Iyed,1,m
Issa,1,w
Izdin,1,m
İstanbul,1,w
Jackpot,1,m
Ivana,1,w
Jadi,1,m
Ivaylova,1,w
Jaeson,1,m
Iveth,1,w
Jaka,1,m
Iyanda,1,w
Jakoub,1,m
Izabela,1,w
Jalal,1,m
Izel,1,w
Jamaal,1,m
Jacklin,1,w
Jamayn,1,m
Jacky,1,w
Jamba,1,m
Jael,1,w
Jamiel,1,m
Jaemi,1,w
Jan-Emilio,1,m
Jaina,1,w
Jan-Philipp,1,m
Jamaina,1,w
Janar,1,m
Jameela,1,w
Janesh,1,m
Jamie,1,w
Jani,1,m
Jamina,1,w
Jannick,1,m
Jan,1,w
Janno,1,m
Jana-Josephine,1,w
Janusz,1,m
Janah,1,w
Jar,1,m
Janaina,1,w
Jared,1,m
Janelle,1,w
Jarik,1,m
Janice,1,w
Jarle,1,m
Janika,1,w
Jarne,1,m
Janike,1,w
Jarno,1,m
Janina,1,w
Jaroslaw,1,m
Janine,1,w
Jaskaran,1,m
Jannah,1,w
Jasmin,1,m
Jannet,1,w
Jasmîn,1,m
Jare,1,w
Jaspah,1,m
Jasmina,1,w
Jaspar,1,m
Jayda,1,w
Jassem,1,m
Jazmin,1,w
Javier,1,m
Jeena,1,w
Jawad,1,m
Jela,1,w
Jawdan,1,m
Jelayne,1,w
Jayden-Noah,1,m
Jemima,1,w
Jayder,1,m
Jena,1,w
Jayron,1,m
Jenna-Joeline,1,w
Jayson,1,m
Jessenia,1,w
Jayvin,1,m
Jeudina,1,w
Jazib,1,m
Jian,1,w
Jean-Chris,1,m
Jil,1,w
Jean-Lennox,1,m
Jillian,1,w
Jean-Luca,1,m
Jillien,1,w
Jean-Michel,1,m
Jinan,1,w
Jeevan,1,m
Jing,1,w
Jemal,1,m
Joanna,1,w
Jendrik,1,m
Joelle,1,w
Jenut-Zamfir,1,m
Joelly,1,w
Jere,1,m
Joena,1,w
Jerik,1,m
Johanna-Frederike,1,w
Jermaine,1,m
Johayna,1,w
Jerome-Samuel,1,m
Jola,1,w
Jerzyk,1,m
Jolanda,1,w
Jerónimo,1,m
Jolanta,1,w
Jesaja,1,m
Jolin,1,w
Jesús,1,m
Jordan,1,w
Jian,1,m
Josephin,1,w
Jibrail,1,m
Josey,1,w
Jil,1,m
Josfine,1,w
Jimmy,1,m
Josina,1,w
Jiří,1,m
Joslyn,1,w
Joakim,1,m
Jospehine,1,w
Joannes,1,m
Joséphine,1,w
Joda,1,m
Joulia,1,w
Joel-Noah,1,m
Joulina,1,w
John-Leon,1,m
Joya,1,w
Johnson,1,m
Joyce,1,w
Jolina,1,m
Joyline,1,w
Jolle,1,m
Julijana,1,w
Jomah,1,m
Justine,1,w
Jonam,1,m
Juvia,1,w
Jonas-Elias,1,m
Kadisha,1,w
Jonatan,1,m
Kadriye,1,w
Jonel,1,m
Kaede,1,w
Jorah,1,m
Kaia,1,w
Jordey,1,m
Kaisa,1,w
Jorge,1,m
Kajon,1,w
Jorin,1,m
Kali,1,w
Jorit,1,m
Kalina,1,w
Joschka,1,m
Kalinka,1,w
Josh,1,m
Kanari,1,w
Jost,1,m
Kani,1,w
José,1,m
Kara,1,w
Jovanov,1,m
Kardelen,1,w
Joy-Wegahta,1,m
Kareni,1,w
Joël,1,m
Karla-Amalia,1,w
Ju-Yong,1,m
Karleen,1,w
Juan-Loui,1,m
Karli,1,w
Juliano,1,m
Karolin,1,w
Jun-Uh,1,m
Katalin,1,w
Junius,1,m
Katara,1,w
Jury,1,m
Kate,1,w
Juste,1,m
Kathalea,1,w
Juvan,1,m
Kathalena,1,w
Jym,1,m
Kathharina,1,w
Jérome,1,m
Kathleen,1,w
Jérôme,1,m
Kathrin,1,w
Jörg,1,m
Katinka,1,w
Kagiish,1,m
Katniss,1,w
Kaito,1,m
Kaur,1,w
Kaiyan,1,m
Kavin,1,w
Kajus,1,m
Kaylie,1,w
Kamarideen,1,m
Kayo,1,w
Kambis,1,m
Kaysa,1,w
Kamil,1,m
Kelechi,1,w
Kamyar,1,m
Kelia,1,w
Kanean,1,m
Kenaya,1,w
Kaon,1,m
Kerime,1,w
Karamo,1,m
Kerith,1,w
Karlson,1,m
Ketevan,1,w
Karo,1,m
Kevser,1,w
Kasper,1,m
Keziah,1,w
Katsumi,1,m
Khady,1,w
Kay,1,m
Khan,1,w
Kaya,1,m
Kheder,1,w
Kayode,1,m
Kimberly,1,w
Kayra,1,m
Kimiya,1,w
Kazim,1,m
Kimya,1,w
Kaïo,1,m
Kinora,1,w
Kağan,1,m
Kirsten,1,w
Kelvin,1,m
Kisahe,1,w
Kenai,1,m
Kiyi,1,w
Kendal,1,m
Kiểu,1,w
Kendrick,1,m
Klarisa,1,w
Kenoah,1,m
Klaudia,1,w
Kenshin,1,m
Klea,1,w
Kenta,1,m
Klio,1,w
Kepa,1,m
Kokoe,1,w
Kevin-Liam,1,m
Koleva,1,w
Keyan,1,m
Konadu,1,w
Keyhan,1,m
Kosmanta,1,w
Khairi,1,m
Krista,1,w
Khalifa,1,m
Kristiyana,1,w
Khalil,1,m
Krystyna,1,w
Kheiri,1,m
Ksenija,1,w
Khizar,1,m
Kubra,1,w
Kien,1,m
Kudüs,1,w
Kieu,1,m
Kyara,1,w
Kılıç,1,m
Kymya,1,w
Kilyan,1,m
Kyoko,1,w
Kimani,1,m
kyzy,1,w
Kimi,1,m
Kára,1,w
Kimon,1,m
Ladeyna,1,w
Kipchoge,1,m
Lagertha,1,w
Kirilo,1,m
Laima,1,w
Kirito,1,m
Lala,1,w
Kithaï,1,m
Lale,1,w
Kıvanç,1,m
Lanah,1,w
Kofi,1,m
Lanin,1,w
Komadu,1,m
Lanya,1,w
Kopernikus,1,m
Lara-Sophie,1,w
Korel,1,m
Larin,1,w
Kovan,1,m
Larina,1,w
Koǹstaǹtiǹ,1,m
Laura-Marie,1,w
Krasimir,1,m
Laura-Sofie,1,w
Kristoffer,1,m
Lauren,1,w
Kurian,1,m
Laurita,1,w
Kwesi,1,m
Lauryn,1,w
Kyle,1,m
Lavin,1,w
Kâmil,1,m
Lavina,1,w
Kâzım,1,m
Lavinya,1,w
Labinat,1,m
Laya,1,w
Ladiq,1,m
Layan,1,w
Laith,1,m
Layli,1,w
Lamin,1,m
Lea-Chayenne,1,w
Laos,1,m
Leann,1,w
Larian,1,m
Lee,1,w
Larsen,1,m
Leevke,1,w
Lasco,1,m
Leila-Malou,1,w
Laser,1,m
Lejla,1,w
Latif,1,m
Lela,1,w
Laui,1,m
Lele,1,w
Lauren,1,m
Lelia,1,w
Laurens,1,m
Lemia,1,w
Lauris,1,m
Lena-Sophie,1,w
Lavin,1,m
Leni-Charlotte,1,w
Lawek,1,m
Leni-Marie,1,w
Lazar,1,m
Lenia,1,w
Le,1,m
Lenie,1,w
Lea,1,m
Lenya,1,w
Leandros,1,m
Leonesa,1,w
Ledion,1,m
Leonie-Jasmin,1,w
Lejan,1,m
Leonie-Sophie,1,w
Lejs,1,m
Leonor,1,w
Lemmy,1,m
Lewa,1,w
Lenardo,1,m
Lhamo,1,w
Lennart-Mattis,1,m
Li,1,w
Lennert,1,m
Liah-Sophie,1,w
Lennie,1,m
Lian,1,w
Lennik,1,m
Liana-Josie,1,w
Lenox,1,m
Lianna,1,w
Lenz,1,m
Liara,1,w
Leon-Noel,1,m
Liboria,1,w
Leonid,1,m
Liby,1,w
Leonidas-Finnlay,1,m
Lieke,1,w
Leonie,1,m
Lienna,1,w
Leos,1,m
Lientje,1,w
Leron,1,m
Liese,1,w
Lerong,1,m
Lieselotta,1,w
Lev,1,m
Lieslotte,1,w
Leve,1,m
Lija,1,w
Levente,1,m
Lijana,1,w
Levon,1,m
Lijeanne,1,w
Lewis,1,m
Lila,1,w
Leyan,1,m
Lili,1,w
Li,1,m
Lilija,1,w
Li-Wei,1,m
Lille,1,w
Liam-David,1,m
Lillesol,1,w
Liam-Emilio,1,m
Lilliana,1,w
Lias-Pepe,1,m
Lilliane,1,w
Liborio,1,m
Lillien,1,w
Lidiyev,1,m
Lillijana,1,w
Linyinhong,1,m
Lillyana,1,w
Lior,1,m
Lilya,1,w
Lisandro,1,m
Lima,1,w
Livan,1,m
Limija,1,w
Livinu,1,m
Lina-Christin,1,w
Liya,1,m
Lina-Jolie,1,w
Lloyd,1,m
Lina-Marisol,1,w
Loan,1,m
Linay,1,w
Lok,1,m
Lindsay,1,w
Lokman,1,m
Lindsey,1,w
Loran,1,m
Linet,1,w
Lord,1,m
Linh,1,w
Lorent,1,m
Linnéa,1,w
Lorik,1,m
Liona,1,w
Lotanna,1,m
Liora,1,w
Lou,1,m
Lis,1,w
Louie,1,m
Liselotte,1,w
Loukà,1,m
Lisette,1,w
Lounis,1,m
Liska,1,w
Luay,1,m
Lissa,1,w
Luc-Noel,1,m
Lissi,1,w
Lucca,1,m
Liv-Rachel,1,w
Lucien,1,m
Liv-Valentina,1,w
Luis-Manfred,1,m
Liviana,1,w
Luisa,1,m
Livya,1,w
Luiss,1,m
Liyah,1,w
Luka-Lionel,1,m
Liyan,1,w
Luke-Daniel,1,m
Liza,1,w
Lukeny,1,m
Loa,1,w
Lunis,1,m
Loana,1,w
Lupo,1,m
Loreley,1,w
Lux,1,m
Lorella,1,w
Luy,1,m
Lou-Marie,1,w
Luyengi,1,m
Louana,1,w
Luís,1,m
Louna,1,w
Ly,1,m
Lourine,1,w
Lyn,1,m
Lovely,1,w
Lyo,1,m
Lovelyn,1,w
Léonard,1,m
Lua,1,w
Léopol,1,m
Luana-Nastasia,1,w
Lüke,1,m
Lucija,1,w
Maddox,1,m
Lucin,1,w
Mads,1,m
Lucki,1,w
Mael-Lean,1,m
Luena,1,w
Maf,1,m
Luisa-Christine,1,w
Mahali,1,m
Luiza,1,w
Mahamat,1,m
Lujza,1,w
Mahamat-Saleh,1,m
Luk,1,w
Mahmad,1,m
Luma,1,w
Mahmut,1,m
Lumen,1,w
Mahrous,1,m
Lupine,1,w
Mahyar,1,m
Lutfije,1,w
Maidiz,1,m
Luvi,1,w
Mairon,1,m
Luwam,1,w
Maiten,1,m
Luzia,1,w
Majid,1,m
Ly,1,w
Maksim,1,m
Lya,1,w
Malek,1,m
Lyu,1,w
Malikcan,1,m
Lyvia,1,w
Malique,1,m
Làvin,1,w
Malo,1,m
Lâle,1,w
Mankirat,1,m
Léa,1,w
Manni,1,m
Maahi,1,w
Mano,1,m
Maal,1,w
Manolo,1,m
Mabel,1,w
Manraj,1,m
Mable,1,w
Marcelino,1,m
Madeline,1,w
Marcin,1,m
Madlaina,1,w
Mardan,1,m
Madleen,1,w
Mare,1,m
Madoka,1,w
Marek,1,m
Maelia,1,w
Mariam,1,m
Maera,1,w
Marianov,1,m
Maeve,1,w
Marijan,1,m
Magdalene,1,w
Marin,1,m
Maggie,1,w
Maris,1,m
Magloire,1,w
Mariyoan,1,m
Mahi,1,w
Marko,1,m
Mahiya,1,w
Marlene,1,m
Mahmoud,1,w
Marlo,1,m
Maili,1,w
Marlon-Mario,1,m
Mailie,1,w
Martim,1,m
Maily,1,w
Martinez,1,m
Maisha,1,w
Martino,1,m
Maj,1,w
Martín,1,m
Maje,1,w
Maruf,1,m
Majeed,1,w
Marvel,1,m
Makbule,1,w
Marvelous,1,m
Mala,1,w
Massiha,1,m
Maleen,1,w
Massimilano,1,m
Malene,1,w
Massimiliano,1,m
Mali,1,w
Massimo,1,m
Malika,1,w
Masuama,1,m
Maliya,1,w
Mate,1,m
Malvina,1,w
Matei,1,m
Mama,1,w
Maternus,1,m
Mamet,1,w
Matija,1,m
Mana,1,w
Matin,1,m
Manassa,1,w
Mattias,1,m
Mandana,1,w
Matty,1,m
Maneli,1,w
Mattín,1,m
Manelli,1,w
Matvej,1,m
Manha,1,w
Matz,1,m
Maniya,1,w
Maud,1,m
Manon,1,w
Maurica,1,m
Marei,1,w
Mavi,1,m
Margo,1,w
Max-Leon,1,m
Margot,1,w
Maximiliano,1,m
Mari,1,w
Maximilién,1,m
Maria-Chiara,1,w
Maxwell,1,m
Mariama,1,w
Mayson,1,m
Marian,1,w
Mazen,1,m
Mariane,1,w
Mbay,1,m
Marianova,1,w
Medano,1,m
Maribel,1,w
Medo,1,m
Maribell,1,w
Mehdy,1,m
Marie-Antoinette,1,w
Mehemt,1,m
Marie-Jolie,1,w
Mehmed,1,m
Marie-Julié,1,w
Mehmedhan,1,m
Marieke,1,w
Mehmetcan,1,m
Marieva,1,w
Mehram,1,m
Marike,1,w
Meki,1,m
Mariko,1,w
Melito,1,m
Marilea,1,w
Menachem,1,m
Marilena,1,w
Meo,1,m
Marilijn,1,w
Merab,1,m
Marilu,1,w
Mercan,1,m
Marilyn,1,w
Meriç,1,m
Marion,1,w
Merlin,1,m
Marisa,1,w
Merssad,1,m
Marisol-Maya,1,w
Mervin,1,m
Mariyana,1,w
Messan,1,m
Marié-Claire,1,w
Mesut,1,m
Marjana,1,w
Mevlan,1,m
Marley,1,w
Mhammad,1,m
Marlies,1,w
Michal,1,m
Marlina,1,w
Michał,1,m
Marlis,1,w
Micheal,1,m
Marlou,1,w
Midhat,1,m
Marou,1,w
Migel,1,m
Marviş,1,w
Mihail,1,m
Mary-Ann,1,w
Mihayil,1,m
Maryem,1,w
Mihran,1,m
María,1,w
Mihrimah,1,m
Matea,1,w
Mijo,1,m
Mateeva,1,w
Mikah,1,m
Matti,1,w
Mikey,1,m
Matylda,1,w
Milano,1,m
Mavie,1,w
Milenov,1,m
Maximilia,1,w
Milow,1,m
Maximiliane,1,w
Mimmo,1,m
Maxy,1,w
Minu,1,m
Mayar,1,w
Minyoung,1,m
Mayara,1,w
Miquel,1,m
Mayari,1,w
Mir,1,m
Mayleen,1,w
Miracle,1,m
Maylin,1,w
Mirhat,1,m
Mayu,1,w
Miro-Jamin,1,m
Mayuko,1,w
Miroslav,1,m
Maëlla,1,w
Miroslavov,1,m
Maíra,1,w
Mithatcan,1,m
Małgorzata,1,w
Mitja,1,m
Mea,1,w
Mitkoev,1,m
Mederovna,1,w
Mitkov,1,m
Mediha,1,w
Miłosz,1,m
Mee,1,w
Moad,1,m
Meera,1,w
Modest,1,m
Meffo,1,w
Mohammed-Eid,1,m
Megan,1,w
Mokhtar,1,m
Megli,1,w
Momchil,1,m
Mehmed,1,w
Monel,1,m
Mehroo,1,w
Morakinyo,1,m
Mehtap,1,w
Moreno,1,m
Mel,1,w
Morice,1,m
Mela,1,w
Mose,1,m
Melane,1,w
Moses,1,m
Melania,1,w
Mourice,1,m
Melat,1,w
Moustafa,1,m
Melik,1,w
Moïdah,1,m
Melika,1,w
Moïse,1,m
Melina-Eliana,1,w
Mpiasa,1,m
Melinay,1,w
Muhammad-Jawad,1,m
Melissa-Marie,1,w
Muhammmed,1,m
Meliyah,1,w
Muharib,1,m
Meliz,1,w
Mujtaba,1,m
Melodi,1,w
Mukwaya,1,m
Meltem,1,w
Murphy,1,m
Mena,1,w
Mustafov,1,m
Mene,1,w
Muyang,1,m
Meraal,1,w
Myron,1,m
Meralda,1,w
Mücahit,1,m
Meret,1,w
Münir,1,m
Meri,1,w
Mădălin,1,m
Meriam,1,w
Nadir,1,m
Meriem,1,w
Naef,1,m
Merita,1,w
Nagito,1,m
Meritxell,1,w
Nahuel,1,m
Merjem,1,w
Naijm,1,m
Merla,1,w
Nail,1,m
Mervana,1,w
Naim,1,m
Meryam,1,w
Naksh,1,m
Merza,1,w
Nali,1,m
Metin,1,w
Nalu,1,m
Meva,1,w
Nam,1,m
Meysa,1,w
Nando,1,m
Mia-Alicia,1,w
Narek,1,m
Mia-Ivie,1,w
Nasseraldien,1,m
Mia-Joleen,1,w
Nassoro,1,m
Mia-Marie,1,w
Natan,1,m
Mia-Mercan,1,w
Natnael,1,m
Mia-Sophia,1,w
Navid,1,m
Mialena,1,w
Navrai,1,m
Mica,1,w
Nawa,1,m
Michael,1,w
Nawid,1,m
Michalina,1,w
Nayamy,1,m
Miel,1,w
Nda,1,m
Mieze,1,w
Ndongala,1,m
Miezi,1,w
Nedim,1,m
Miglena,1,w
Nehru,1,m
Mihane,1,w
Nejat,1,m
Mihaylova,1,w
Nejaz,1,m
Mihila,1,w
Nevans,1,m
Mihriban,1,w
Neville,1,m
Mihrisah,1,w
Neymar,1,m
Mika-Marie,1,w
Nguyen,1,m
Milad,1,w
Nicolai,1,m
Milagros,1,w
Nicolás,1,m
Milan,1,w
Nidardo,1,m
Milayne,1,w
Nihat,1,m
Milda,1,w
Nijo,1,m
Mile,1,w
Nikan,1,m
Milica,1,w
Nikola,1,m
Milita,1,w
Nikolaos,1,m
Miljana,1,w
Nil,1,m
Milka,1,w
Nilai,1,m
Milli,1,w
Nilas,1,m
Millie,1,w
Nilo,1,m
Minel,1,w
Ninos,1,m
Minela,1,w
Nizar,1,m
Mineva,1,w
Nkuna,1,m
Minh,1,w
Nma,1,m
Minna,1,w
Noah-Jerome,1,m
Minu,1,w
Noan,1,m
Mirabelle,1,w
Noel-Mario,1,m
Miray-Ileyna,1,w
Nolen,1,m
Mirela,1,w
Norhat,1,m
Mirella,1,w
Norman,1,m
Miriyam,1,w
Nouman,1,m
Mirna,1,w
Nuka,1,m
Mirola,1,w
Nuno,1,m
Miruna,1,w
Nurettin,1,m
Mislina,1,w
Nurhat,1,m
Moana,1,w
Nurlan,1,m
Molly,1,w
Nusmir,1,m
Monique,1,w
Nzambu,1,m
Montana,1,w
Odjekunle,1,m
Morenike,1,w
Odjouman,1,m
Moyosooreoluwa,1,w
Odysseus,1,m
Mulugeta,1,w
Ognyan,1,m
Munire,1,w
Oktay,1,m
Mustafa,1,w
Okunbor,1,m
Mylene,1,w
Olaf,1,m
Mylène,1,w
Olamide,1,m
Myung-Hwa,1,w
Olanrewaju,1,m
Müneyya,1,w
Olcay,1,m
Naamah,1,w
Oliwier,1,m
Naangminebe,1,w
Olti,1,m
Nabaa,1,w
Oluwasegun,1,m
Nadege,1,w
Oluwatobi,1,m
Nadhejda,1,w
Omer,1,m
Nadin,1,w
Omondi,1,m
Nadine,1,w
Onel,1,m
Nadira,1,w
Onigho,1,m
Naiara,1,w
Onofrio,1,m
Najwa,1,w
Ori,1,m
Nalin,1,w
Ortho,1,m
Nalu,1,w
Orum,1,m
Nandinerdene,1,w
Osamede,1,m
Nanni,1,w
Osaretin,1,m
Nanouche,1,w
Osarhuemen,1,m
Narja,1,w
Osaruoname,1,m
Nasta,1,w
Osemuahu,1,m
Nastya,1,w
Osemudiamen,1,m
Natali,1,w
Osgar,1,m
Nataliya,1,w
Oshea,1,m
Natascha,1,w
Otávio,1,m
Nathalia,1,w
Oualid,1,m
Nathalie,1,w
Ovidiu,1,m
Nausha,1,w
oğlu,1,m
Nawinda,1,w
Oğulcan,1,m
Nayeli,1,w
Oğuz,1,m
Nazar,1,w
Pakin,1,m
Naziha,1,w
Panu,1,m
Nazik,1,w
Paolo-Vincenzo,1,m
Ndia,1,w
Parker,1,m
Ndjia,1,w
Pars,1,m
Necmiye,1,w
Paulo,1,m
Nefeli,1,w
Pavlowitsch,1,m
Nefes,1,w
Paweł,1,m
Nefise,1,w
Pax,1,m
Nejla,1,w
Payman,1,m
Nele-Sophie,1,w
Pedro,1,m
Nelie,1,w
Peo,1,m
Nelin,1,w
Pepov,1,m
Nell,1,w
Per,1,m
Nergis,1,w
Perry,1,m
Neri,1,w
Petar,1,m
Neriman,1,w
Pete,1,m
Neris,1,w
Petranov,1,m
Nermin,1,w
Pheng,1,m
Neslihan,1,w
Philaretos,1,m
Nevin,1,w
Philipe,1,m
Neylin,1,w
Philippos,1,m
Ngozi,1,w
Phillipp,1,m
Nha,1,w
Phoenix,1,m
Nhi,1,w
Phúc,1,m
Niah,1,w
Pietro,1,m
Nicol,1,w
Pio,1,m
Niema,1,w
Pippin,1,m
Nihal,1,w
Pitt,1,m
Nikolija,1,w
Pius,1,m
Nikolina,1,w
Polat,1,m
Nilou,1,w
Pontus,1,m
Niloufar,1,w
Prabhvir,1,m
Nine,1,w
Preston,1,m
Nini,1,w
Pryce,1,m
Nirmala,1,w
Quin,1,m
Nirosh,1,w
Quintus,1,m
Nisanur,1,w
Quirin,1,m
Nissrine,1,w
Rachman,1,m
Nisti,1,w
Radin,1,m
Nitchakun,1,w
Radion,1,m
Noa,1,w
Radoslav,1,m
Noara,1,w
Radoslavov,1,m
Nobidia,1,w
Raed,1,m
Noor,1,w
Rafail,1,m
Noora,1,w
Rafferty,1,m
Norul,1,w
Rafik,1,m
Nosakhare,1,w
Raghav,1,m
Nourelhoda,1,w
Rahand,1,m
Nourine,1,w
Raheem,1,m
Nousha,1,w
Rahim,1,m
Noée,1,w
Rahul,1,m
Nuh,1,w
Raian,1,m
Nuran,1,w
Raimondo,1,m
Nurgül,1,w
Rainer,1,m
Nursima,1,w
Raivo,1,m
Nyarko,1,w
Rajan,1,m
Nyeima,1,w
Ramgin,1,m
Nyla,1,w
Ramil,1,m
O'Neal,1,w
Ranveer,1,m
Oda,1,w
Rasid,1,m
Odeta,1,w
Rassoul,1,m
Odette,1,w
Rathimetoria,1,m
Oghomwen,1,w
Rauand,1,m
ohne,1,w
Rawa,1,m
Olga,1,w
Rayane,1,m
Olivija,1,w
Rayen,1,m
Olja,1,w
Raykov,1,m
Oluwafikayomi,1,w
Raymond,1,m
Oluwaseun,1,w
Raziel,1,m
Oluwasolafunmi,1,w
Raşid,1,m
Omolara,1,w
Rean,1,m
Omotara,1,w
Reian,1,m
Omul,1,w
Reihold,1,m
Ophelia,1,w
Reik,1,m
Ornella,1,w
Reis,1,m
Osayamen,1,w
Reji,1,m
Oskar,1,w
Remigius,1,m
Ottilie,1,w
Remus,1,m
Otylia,1,w
Remy,1,m
Ouafae,1,w
Renar,1,m
Oumie,1,w
Reno,1,m
Oya,1,w
Renée,1,m
Ozioma,1,w
Rezan,1,m
Paloma,1,w
Rhein,1,m
Pantea,1,w
Rikardo,1,m
Paolina,1,w
Riley,1,m
Parisa,1,w
Rinor,1,m
Patrizia,1,w
Rion,1,m
Paulien,1,w
Riven,1,m
Paulinne,1,w
Rıza,1,m
Paulo,1,w
Roberto,1,m
Peaches,1,w
Rodi,1,m
Peetje,1,w
Rodin,1,m
Pema,1,w
Rodrigo,1,m
Pera,1,w
Rogelio,1,m
Peri,1,w
Rogerio,1,m
Perjan,1,w
Rojan,1,m
Petarova,1,w
Rok,1,m
Petronella,1,w
Rokhan,1,m
Petruta,1,w
Roland,1,m
Phidelia,1,w
Romeo-Raul,1,m
Philin,1,w
Ronald,1,m
Philipp,1,w
Roni,1,m
Philline,1,w
Ronî,1,m
Philomina,1,w
Rory,1,m
Phyllis,1,w
Roy,1,m
Pınar,1,w
Rron,1,m
Pinelopi,1,w
Ruan,1,m
Pola,1,w
Rubino,1,m
Polina,1,w
Rubén,1,m
Praisé,1,w
Ruchan,1,m
Precious,1,w
Rudy,1,m
Princess,1,w
Rufus,1,m
Priscilla,1,w
Ruodi,1,m
Prithvikrishna,1,w
Ruslan,1,m
Précieuse,1,w
Ruven,1,m
Pénélope,1,w
Ryoma,1,m
Rabiya,1,w
Ryosuke,1,m
Rachelle,1,w
Rámon,1,m
Raie,1,w
Rêzan,1,m
Raifa,1,w
Rüdiger,1,m
Ramadan,1,w
Saad,1,m
Ramisa,1,w
Sabri,1,m
Rania,1,w
Sadek,1,m
Ranim,1,w
Sadi,1,m
Ranya,1,w
Sadin,1,m
Raphaela,1,w
Sadmir,1,m
Raphailia,1,w
Sadri,1,m
Raschela,1,w
Safouan,1,m
Rayan,1,w
Sagal,1,m
Rebeca,1,w
Sahin,1,m
Reem,1,w
Saifeddin,1,m
Reeva,1,w
Sain,1,m
Reili,1,w
Sait,1,m
Rejouyce,1,w
Sakar,1,m
Renee,1,w
Sakip,1,m
Resa,1,w
Samad,1,m
Retal,1,w
Samed,1,m
Reyshell,1,w
Samedin,1,m
Reyyan,1,w
Samih,1,m
Rhea,1,w
Samirev,1,m
Richmodis,1,w
Samyar,1,m
Rihan,1,w
San,1,m
Rihana,1,w
Sanel,1,m
Rika,1,w
Sangsit,1,m
Risa,1,w
Sanmo,1,m
Riva,1,w
Santiago,1,m
Robin,1,w
Santino,1,m
Rocio,1,w
Santos,1,m
Rodaina,1,w
Sanyi,1,m
Rofaida,1,w
Sarhang,1,m
Rojda,1,w
Sashev,1,m
Rojlin,1,w
Saul,1,m
Rojna,1,w
Saverio,1,m
Romi,1,w
Savin,1,m
Romina,1,w
Sayed,1,m
Rona,1,w
Schad,1,m
Rosa-Linn,1,w
Schaker,1,m
Rosalind,1,w
Schulem,1,m
Roscha,1,w
Sead,1,m
Roseanne,1,w
Seal,1,m
Rosel,1,w
Sebastiano,1,m
Rosemarie,1,w
Sefa,1,m
Rosiba,1,w
Sefer,1,m
Rosita,1,w
Sefkan,1,m
Roukaya,1,w
Sehajman,1,m
Roza,1,w
Selahaddin,1,m
Rozalinda,1,w
Selcuk,1,m
Ruana,1,w
Selma,1,m
Ruba,1,w
Selvedin,1,m
Rubi,1,w
Selçuk,1,m
Rubi-Hanna,1,w
Semu,1,m
Ruliana,1,w
Sercan,1,m
Rumaysa,1,w
Serdem,1,m
Rumeysa,1,w
Sergeev,1,m
Rumi,1,w
Sergeevič,1,m
Runa,1,w
Sergej,1,m
Ruslana,1,w
Sergio,1,m
Sabrine,1,w
Servet,1,m
Sadaqa,1,w
Seungho,1,m
Sadiye,1,w
Seungmin,1,m
Safia,1,w
Severinov,1,m
Safiyya,1,w
Sevgin,1,m
Sahara,1,w
Seyed,1,m
Sahra,1,w
Seyyid,1,m
Saier,1,w
Sezgin,1,m
Sainabou,1,w
Shahard,1,m
Saja,1,w
Shahin,1,m
Sajida,1,w
Shahir,1,m
Sakira,1,w
Shalom,1,m
Sala,1,w
Shamsudeen,1,m
Sali,1,w
Shani,1,m
Saline,1,w
Shannon,1,m
Saliya,1,w
Shaquille,1,m
Sally,1,w
Sharjeel,1,m
Salome-Melissa,1,w
Shems,1,m
Salsabeel,1,w
Shener,1,m
Salwa,1,w
Sherdil,1,m
Sam,1,w
Sheriff,1,m
Sami,1,w
Shibu,1,m
Samiya,1,w
Shimon,1,m
Sammi,1,w
Shkelzen,1,m
Sanam,1,w
Shmuel,1,m
Sandra,1,w
Shoreya,1,m
Sanja,1,w
Shukran,1,m
Sanna,1,w
Siddharth,1,m
Saphir,1,w
Sidiki,1,m
Sarang,1,w
Sied,1,m
Saskia,1,w
Sien,1,m
Scott,1,w
Silvester,1,m
Sedef,1,w
Simba,1,m
Sefika,1,w
Sinuar,1,m
Sehrish,1,w
Sir,1,m
Sejal,1,w
Siraj,1,m
Selen,1,w
Sıraç,1,m
Selim,1,w
Sixuan,1,m
Seliya,1,w
Sky,1,m
Selvi,1,w
Slava,1,m
Semra,1,w
Slavi,1,m
Sems,1,w
Soa,1,m
Semsa,1,w
Sofian,1,m
Senada,1,w
Soheil,1,m
Serenella,1,w
Sol,1,m
Sergeyva,1,w
Solin,1,m
Sergül,1,w
Soltmurd,1,m
Serin,1,w
Sonyev,1,m
Serra,1,w
Sorin,1,m
Sesil,1,w
Sorske,1,m
Sevdije,1,w
Souhail,1,m
Sevillai,1,w
Srdjan,1,m
Seyneb,1,w
Sriram,1,m
Shabnam,1,w
Stan,1,m
Shadi,1,w
Stanimirov,1,m
Shaima,1,w
Stanislav,1,m
Shaina,1,w
Stanislaw,1,m
Shakira,1,w
Stefanos,1,m
Shamiran,1,w
Stefanov,1,m
Shams,1,w
Steffen,1,m
Shanaya,1,w
Sten,1,m
Shaniece,1,w
Stephan,1,m
Shanti,1,w
Steve-Reagan,1,m
Shatu,1,w
Steven,1,m
Shaya,1,w
Stojan,1,m
Shaylin,1,w
Storm,1,m
Shea,1,w
Stylianos,1,m
Sheila,1,w
Sufian,1,m
Shejnaz,1,w
Suhaib,1,m
Shelia,1,w
Sukhjot,1,m
Shelly,1,w
Sulayman,1,m
Shenaya,1,w
Suleman,1,m
Sherlay,1,w
Suleyman,1,m
Sheyda,1,w
Sumro,1,m
Shinaya,1,w
Sunay,1,m
Shufei,1,w
Sune,1,m
Sibilla,1,w
Sunny,1,m
Sidra,1,w
Sunny-Darnel,1,m
Sidra-Batool,1,w
Suphi,1,m
Silda,1,w
Svetoslavov,1,m
Silena,1,w
Syed,1,m
Silja,1,w
Sylvester,1,m
Silvana,1,w
Syumer,1,m
Silvenova,1,w
Szymon,1,m
Silvina,1,w
Sören,1,m
Simge,1,w
Süleman,1,m
Siri,1,w
Süleyman,1,m
Sirien,1,w
Sām,1,m
Sirine,1,w
Taade,1,m
Skye,1,w
Taavi,1,m
Skylar,1,w
Tadeusz,1,m
Snežana,1,w
Taher,1,m
Sofi,1,w
Tahmid,1,m
Sofja,1,w
Taim,1,m
Solha,1,w
Taio,1,m
Solomon,1,w
Tak-Chun,1,m
Soltana,1,w
Takyzala,1,m
Solène,1,w
Talal,1,m
Solîn,1,w
Taleb,1,m
Sondes,1,w
Talyatov,1,m
Songya,1,w
Tama,1,m
Sonna,1,w
Tamer,1,m
Soon,1,w
Tamer-Mariam,1,m
Sophie-Lou,1,w
Tamias,1,m
Sopohie,1,w
Tamim,1,m
Spiridoula,1,w
Tamo,1,m
Srbianca,1,w
Tane,1,m
Sri,1,w
Taner,1,m
Stamatina,1,w
Tapio,1,m
Stera,1,w
Taras,1,m
Stina,1,w
Tardu,1,m
Suhaila,1,w
Tarik,1,m
Suhejb,1,w
Tarık,1,m
Sulaiman,1,w
Tariq,1,m
Sumayya,1,w
Taym,1,m
Sun-Ja,1,w
Tayten,1,m
Sunita,1,w
Tefik,1,m
Sunshine,1,w
Tejas,1,m
Suzan,1,w
Tekin,1,m
Svena,1,w
Temerlan,1,m
Swana,1,w
Teodor,1,m
Sydney,1,w
Teodosiev,1,m
Syrina,1,w
Terry,1,m
Sàra,1,w
Tevan,1,m
Sélina,1,w
Thaddeus,1,m
Taiba,1,w
Thadeo,1,m
Taisija,1,w
Thadeus,1,m
Talea,1,w
Thanasak,1,m
Taliha,1,w
Thanh,1,m
Talisa,1,w
Thees,1,m
Tameschk,1,w
Theodoros,1,m
Tamia,1,w
Thiam,1,m
Tamimount,1,w
Thijs,1,m
Tanem,1,w
Thiên,1,m
Taraneh,1,w
Thorsten,1,m
Tatyana,1,w
Thoyah,1,m
Tea,1,w
Throm,1,m
Tefikova,1,w
Thure,1,m
Telma,1,w
Thyago,1,m
Temenuschka,1,w
Théophile,1,m
Temitope,1,w
Tiam,1,m
Temofe,1,w
Tian,1,m
Tendo,1,w
Tiar,1,m
Teodora,1,w
Tiberiu,1,m
Teona,1,w
Tiberius,1,m
Teressa,1,w
Tijan,1,m
Teslim,1,w
Tijani,1,m
Thalia,1,w
Til,1,m
Thara,1,w
Tillman,1,m
Tharinan,1,w
Tillmann,1,m
Theano,1,w
Timisola,1,m
Theda,1,w
Timon,1,m
Theja-Janice,1,w
Timothei,1,m
Thi,1,w
Tinus,1,m
Thien,1,w
Tito,1,m
Thilda,1,w
Tiwa,1,m
Thuja,1,w
Tiyam,1,m
Thurid,1,w
Tizian,1,m
Tia,1,w
Tiziano,1,m
Tiara,1,w
Tiến,1,m
Tibelya,1,w
Tjark,1,m
Ticha,1,w
Tjorben,1,m
Tilly,1,w
Tobin,1,m
Timea,1,w
Tolgay,1,m
Tine,1,w
Tomas,1,m
Tita,1,w
Tomás,1,m
Tiyana,1,w
Tonnis,1,m
Tiyanna,1,w
Tore,1,m
Tjara,1,w
Torne,1,m
Tkue,1,w
Torres,1,m
Tom,1,w
Toto,1,m
Tomma,1,w
Tresor,1,m
Toni-Lou,1,w
Trond,1,m
Tonieva,1,w
Tsvetan,1,m
Tori,1,w
Tudor-Nicolae,1,m
Tova,1,w
Tufan,1,m
Treasure,1,w
Tunay,1,m
Trinh,1,w
Ty,1,m
Trixi,1,w
Tyler-Joel,1,m
Tuly,1,w
Tymon,1,m
Tundzhay,1,w
Tyrel,1,m
Tusem,1,w
Tyron,1,m
Tuzola,1,w
Tyrone,1,m
Tyas,1,w
Ubejd,1,m
Tülin,1,w
Udo,1,m
Uli,1,w
Ugur,1,m
Ulla,1,w
Ulf,1,m
Uma,1,w
Urs,1,m
Unaysah,1,w
Utku,1,m
Urtė,1,w
Uwe,1,m
Ute,1,w
Uğur,1,m
Vahidesu,1,w
Vaios,1,m
Valea,1,w
Valencio,1,m
Valerija,1,w
Valentine,1,m
Valery,1,w
Valentino,1,m
Valezka,1,w
Valerio,1,m
Valérie,1,w
Valmir,1,m
Vanesa,1,w
Valtentino,1,m
Vanissa,1,w
Vasileios,1,m
Vasileva,1,w
Vasilije,1,m
Vasiliki,1,w
Vasilyi,1,m
Vasilka,1,w
Vasko,1,m
Vea,1,w
Vatan,1,m
Vecihe,1,w
Vedansh,1,m
Vega,1,w
Vega,1,m
Venecia,1,w
Vehan,1,m
Venla,1,w
Veli,1,m
Verda,1,w
Verian,1,m
Verena,1,w
Vero,1,m
Verusha,1,w
Vesilov,1,m
Vesa,1,w
Vicco,1,m
Veselinka,1,w
Vicente,1,m
Vihaasha,1,w
Vico,1,m
Viktorija,1,w
Vidor,1,m
Villimey,1,w
Viliam,1,m
Vincenza,1,w
Vincenzo-Mikail,1,m
Vinja,1,w
Vinnoth,1,m
Vionela,1,w
Violetov,1,m
Visnja,1,w
Vito,1,m
Viva,1,w
Vivo,1,m
Vivian,1,w
Vlad,1,m
Viyan,1,w
Vladislavovič,1,m
Vjoleta,1,w
Volkan,1,m
Vladimirovna,1,w
Volker,1,m
Vornamen,1,w
Wahab,1,m
Vy,1,w
Wahlo,1,m
Vy-Lan,1,w
Wakfi,1,m
Wairimu,1,w
Warhel,1,m
Walgerdur,1,w
Washington,1,m
Wambui,1,w
Weert,1,m
Wang,1,w
Wei,1,m
Wasila,1,w
Wei-Han,1,m
Wendy,1,w
Wellian,1,m
Wenny,1,w
Wesel,1,m
Weronika,1,w
Wevison,1,m
Williamine,1,w
Wilderich,1,m
Wilon,1,w
Wilfried,1,m
Wining,1,w
Wilfrith,1,m
Wolf,1,w
Wilhelmus,1,m
Xinning,1,w
William-Finley,1,m
Xuân,1,w
Willy,1,m
Yada,1,w
Witek,1,m
Yamina,1,w
Witold,1,m
Yana,1,w
Wouter,1,m
Yaprak,1,w
Wyatt,1,m
Yaszmira,1,w
Wyn,1,m
Yawa,1,w
Xavi,1,m
Yda,1,w
Xavier,1,m
Yeganeh,1,w
Xhafer,1,m
Yen,1,w
Xhyros,1,m
Yesra,1,w
Xian,1,m
Yeter,1,w
Yacoub,1,m
Yinyin,1,w
Yacouba,1,m
Yiran,1,w
Yael,1,m
Yixin,1,w
Yakob,1,m
Ylva,1,w
Yamaan,1,m
Yolanda,1,w
Yang,1,m
Yolandi,1,w
Yanik,1,m
Yolani,1,w
Yanis,1,m
Yonella,1,w
Yannic,1,m
Yosra,1,w
Yannis,1,m
Youssra,1,w
Yaron,1,m
Yuki,1,w
Yasar,1,m
Yukiko,1,w
Yash,1,m
Yuliana,1,w
Yasin-Ismail,1,m
Yung-Huan,1,w
Yassine,1,m
Yuval,1,w
Yassu,1,m
Yuzdzhan,1,w
Yazan,1,m
Yvaine,1,w
Yeshuagottes,1,m
Zaamira,1,w
Yeshuwa,1,m
Zahide,1,w
Yildiray,1,m
Zahraa,1,w
Yiyang,1,m
Zahya,1,w
Ylli,1,m
Zaira,1,w
Yoan,1,m
Zakaria,1,w
Yoda,1,m
Zakia,1,w
Yohannes,1,m
Zarif,1,w
Yones,1,m
Zayla,1,w
Yong,1,m
Zegeye,1,w
Yoris,1,m
Zeineb,1,w
Yosko,1,m
Zelal,1,w
Youri,1,m
Zena,1,w
Yousuf,1,m
Zeyneb,1,w
Yu-Jin,1,m
Zhasmin,1,w
Yuhang,1,m
Zheng,1,w
Yunes,1,m
Zhera,1,w
Yung-Cheng,1,m
Zhiyu,1,w
Yunho,1,m
Ziheng,1,w
Yurdun,1,m
Zilan,1,w
Yuri,1,m
Zilin,1,w
Yuseinov,1,m
Zina,1,w
Yuvraj,1,m
Zinaida,1,w
Yuya,1,m
Zita,1,w
Zacharay,1,m
Zlateva,1,w
Zahid,1,m
Zoe-Amy,1,w
Zaid,1,m
Zoey-Heike,1,w
Zain,1,m
Zola,1,w
Zakir,1,m
Zora,1,w
Zamuva,1,m
Zoé-Jouline,1,w
Zeki,1,m
Zoë,1,w
Zeno,1,m
Zoí,1,w
Zenon,1,m
Zubairevna,1,w
Zeynel,1,m
Zuhra,1,w
Ziad,1,m
Zulfija,1,w
Zilu,1,m
Zuri,1,w
Zineddine,1,m
Änne,1,w
Zion,1,m
Ässia,1,w
Ziya,1,m
Åsa,1,w
Ziyad,1,m
Élise,1,w
Zoran,1,m
Özgesu,1,w
Zorano,1,m
Øster,1,w
Zunon,1,m
Ülkümelif,1,w
Zübeyr,1,m
Ümmügülsüm,1,w
Zülfü,1,m
Ümran,1,w
Álvaro,1,m
Şahnaz,1,w
Áron,1,m
Şefika,1,w
Árpárd,1,m
Şevval,1,w
Çan,1,m
Şüheda,1,w
Çayan,1,m
Širvanievna,1,w
Çağatay,1,m
Șeyma,1,w
Çölbey,1,m
Étienne,1,m
Önder,1,m
Öskan,1,m
Özcan,1,m
Özkan,1,m
Şamil,1,m
Şervan,1,m
Şevki,1,m
Şiyar,1,m
Šemsad,1,m
